{"body_pose": [0.4646635353565216, 0.5532782077789307, -0.7486476302146912, 0.4790467619895935, 0.5144999027252197, -0.6902069449424744, 0.48838135600090027, 0.5145357251167297, -0.6894615888595581, 0.49752044677734375, 0.5148425102233887, -0.6886626482009888, 0.4483133852481842, 0.5164467096328735, -0.7066567540168762, 0.4362489879131317, 0.5179262757301331, -0.7070642709732056, 0.42464199662208557, 0.519791305065155, -0.7070416808128357, 0.5113143920898438, 0.5371547341346741, -0.37464413046836853, 0.40737685561180115, 0.5428103804588318, -0.43489739298820496, 0.48404526710510254, 0.5908870697021484, -0.6317232847213745, 0.44437819719314575, 0.5934320092201233, -0.651053249835968, 0.6123812794685364, 0.7551506161689758, -0.24283979833126068, 0.3112836182117462, 0.7993685603141785, -0.27934327721595764, 0.847094714641571, 0.7090862989425659, -0.5050349235534668, 0.253300279378891, 1.091224193572998, -0.2851261496543884, 0.6526258587837219, 0.5074971318244934, -0.9748622179031372, 0.2519645690917969, 1.3508211374282837, -0.4709109365940094, 0.6068745851516724, 0.46442607045173645, -1.120065450668335, 0.22850729525089264, 1.443686604499817, -0.5387081503868103, 0.5920513868331909, 0.47551897168159485, -1.0354664325714111, 0.269214004278183, 1.4530174732208252, -0.6081878542900085, 0.5999908447265625, 0.4984907805919647, -0.9702901244163513, 0.2819456458091736, 1.4177331924438477, -0.5145879983901978, 0.5787020921707153, 1.338440179824829, 0.06643222272396088, 0.3727746307849884, 1.3501636981964111, -0.059418343007564545, 0.5812450051307678, 1.8116058111190796, 0.0018571940017864108, 0.37645334005355835, 1.8082764148712158, -0.06294357031583786, 0.5749786496162415, 2.1606545448303223, 0.621461033821106, 0.37125226855278015, 2.204425811767578, 0.24019846320152283, 0.576603889465332, 2.216726779937744, 0.6865773797035217, 0.36332637071609497, 2.2700541019439697, 0.26618921756744385, 0.5595947504043579, 2.287947654724121, 0.45043423771858215, 0.4148159623146057, 2.3267014026641846, -0.03002646006643772], "left_hand": [0.6636603474617004, 0.5140743255615234, 1.6952299120021053e-07, 0.6373560428619385, 0.5318557024002075, -0.008031753823161125, 0.602908730506897, 0.5398454070091248, -0.011451074853539467, 0.5774174332618713, 0.5439286828041077, -0.0145660899579525, 0.5592126250267029, 0.5516744256019592, -0.01755988784134388, 0.5857309699058533, 0.5002944469451904, -0.005968095269054174, 0.5552338361740112, 0.4897782504558563, -0.012926707975566387, 0.5394354462623596, 0.4811118245124817, -0.01836780644953251, 0.5277985334396362, 0.4721768796443939, -0.022239383310079575, 0.5913382172584534, 0.47800639271736145, -0.008353041484951973, 0.5583034753799438, 0.45923176407814026, -0.014090151526033878, 0.5386027097702026, 0.4459061026573181, -0.01970122940838337, 0.5234115719795227, 0.43432995676994324, -0.023925455287098885, 0.6027584075927734, 0.4606765806674957, -0.01223048660904169, 0.5764873027801514, 0.43440064787864685, -0.02002006024122238, 0.5613081455230713, 0.41707050800323486, -0.025990616530179977, 0.5485684871673584, 0.403000146150589, -0.030052416026592255, 0.6187167167663574, 0.44745415449142456, -0.016673283651471138, 0.6047744750976562, 0.42052990198135376, -0.023807495832443237, 0.5960386395454407, 0.4024547040462494, -0.026920631527900696, 0.5878726840019226, 0.38709962368011475, -0.028967352584004402], "right_hand": [0.0, 0.0, 0.0, 0.0, 0.0, 0.0, 0.0, 0.0, 0.0, 0.0, 0.0, 0.0, 0.0, 0.0, 0.0, 0.0, 0.0, 0.0, 0.0, 0.0, 0.0, 0.0, 0.0, 0.0, 0.0, 0.0, 0.0, 0.0, 0.0, 0.0, 0.0, 0.0, 0.0, 0.0, 0.0, 0.0, 0.0, 0.0, 0.0, 0.0, 0.0, 0.0, 0.0, 0.0, 0.0, 0.0, 0.0, 0.0, 0.0, 0.0, 0.0, 0.0, 0.0, 0.0, 0.0, 0.0, 0.0, 0.0, 0.0, 0.0, 0.0, 0.0, 0.0]}