{"body_pose": [0.4652918875217438, 0.5532369613647461, -0.7320353388786316, 0.4793684780597687, 0.5143384337425232, -0.6716741919517517, 0.48857325315475464, 0.514291524887085, -0.6708685159683228, 0.4976181387901306, 0.5144830942153931, -0.6699972152709961, 0.44886514544487, 0.5164165496826172, -0.6904752850532532, 0.4367057979106903, 0.5179173350334167, -0.6908694505691528, 0.4249839186668396, 0.5197898149490356, -0.6909013986587524, 0.5112954378128052, 0.53663569688797, -0.35355979204177856, 0.4074269235134125, 0.5430752038955688, -0.4221585690975189, 0.4844352900981903, 0.5908238887786865, -0.6142376065254211, 0.4450952708721161, 0.5934327244758606, -0.6358455419540405, 0.6120015382766724, 0.7548133134841919, -0.2156185805797577, 0.31286853551864624, 0.7992711663246155, -0.27655932307243347, 0.8470941185951233, 0.7091185450553894, -0.4810771942138672, 0.2555690109729767, 1.090896487236023, -0.2838570177555084, 0.6508626937866211, 0.5074092745780945, -0.962058424949646, 0.2547670602798462, 1.3509560823440552, -0.4688592851161957, 0.6055701375007629, 0.4644295573234558, -1.1119650602340698, 0.23202908039093018, 1.4438196420669556, -0.533171534538269, 0.5909410119056702, 0.47553423047065735, -1.0274090766906738, 0.2718193829059601, 1.4533957242965698, -0.6020908355712891, 0.598967969417572, 0.4985140860080719, -0.9587015509605408, 0.284086138010025, 1.418155550956726, -0.5117995142936707, 0.570562481880188, 1.33827805519104, 0.06782398372888565, 0.3728695511817932, 1.3489211797714233, -0.060768015682697296, 0.5812074542045593, 1.8116062879562378, -0.001370001002214849, 0.37653014063835144, 1.8079158067703247, -0.06786323338747025, 0.5748756527900696, 2.1658926010131836, 0.6068547964096069, 0.3714889883995056, 2.2087862491607666, 0.22419871389865875, 0.576474666595459, 2.222559928894043, 0.6703442931175232, 0.36330896615982056, 2.2748026847839355, 0.24823090434074402, 0.5598053336143494, 2.2921414375305176, 0.4304943382740021, 0.41492319107055664, 2.3304667472839355, -0.05016009137034416], "left_hand": [0.6629575490951538, 0.5151695013046265, 1.6831965865549137e-07, 0.6360713839530945, 0.5325619578361511, -0.007819034159183502, 0.6022331118583679, 0.5400689840316772, -0.011539778672158718, 0.5770720839500427, 0.5437976121902466, -0.015080583281815052, 0.5586935877799988, 0.5521227121353149, -0.01861398108303547, 0.5854451656341553, 0.49969348311424255, -0.0058367433957755566, 0.5553914308547974, 0.48983410000801086, -0.013084420002996922, 0.53965824842453, 0.4811382293701172, -0.018845321610569954, 0.5277097225189209, 0.4719746708869934, -0.022968489676713943, 0.5912817716598511, 0.4771902859210968, -0.008573103696107864, 0.5586732625961304, 0.45886626839637756, -0.014765623025596142, 0.5390849113464355, 0.4457194209098816, -0.020789630711078644, 0.5236916542053223, 0.434251606464386, -0.02525792270898819, 0.6030274629592896, 0.45969608426094055, -0.01276857778429985, 0.5770443081855774, 0.4332257807254791, -0.020916244015097618, 0.5615198612213135, 0.41592082381248474, -0.02689104527235031, 0.5483852028846741, 0.4018639326095581, -0.030871547758579254, 0.6193265914916992, 0.4465404450893402, -0.017492376267910004, 0.6049548387527466, 0.41954076290130615, -0.02463623695075512, 0.5959596633911133, 0.40163567662239075, -0.027437271550297737, 0.5876297950744629, 0.3867458701133728, -0.029244422912597656], "right_hand": [0.0, 0.0, 0.0, 0.0, 0.0, 0.0, 0.0, 0.0, 0.0, 0.0, 0.0, 0.0, 0.0, 0.0, 0.0, 0.0, 0.0, 0.0, 0.0, 0.0, 0.0, 0.0, 0.0, 0.0, 0.0, 0.0, 0.0, 0.0, 0.0, 0.0, 0.0, 0.0, 0.0, 0.0, 0.0, 0.0, 0.0, 0.0, 0.0, 0.0, 0.0, 0.0, 0.0, 0.0, 0.0, 0.0, 0.0, 0.0, 0.0, 0.0, 0.0, 0.0, 0.0, 0.0, 0.0, 0.0, 0.0, 0.0, 0.0, 0.0, 0.0, 0.0, 0.0]}