{"body_pose": [0.46586138010025024, 0.558496356010437, -0.615548312664032, 0.4794452488422394, 0.5186815857887268, -0.5538894534111023, 0.48873820900917053, 0.5186947584152222, -0.5530090928077698, 0.4976254403591156, 0.5188611149787903, -0.5520005226135254, 0.4483688175678253, 0.5211145877838135, -0.5735416412353516, 0.43580058217048645, 0.5228531956672668, -0.5739426016807556, 0.42406031489372253, 0.5247830748558044, -0.5738706588745117, 0.509210467338562, 0.5408647656440735, -0.24365095794200897, 0.4061862528324127, 0.5501197576522827, -0.31683650612831116, 0.4857117235660553, 0.5938502550125122, -0.5035694241523743, 0.44592908024787903, 0.5975477695465088, -0.5262133479118347, 0.6094792485237122, 0.7571549415588379, -0.11119895428419113, 0.31501731276512146, 0.7992537021636963, -0.2033577710390091, 0.8443049788475037, 0.7353138327598572, -0.37242570519447327, 0.2508901357650757, 1.0849356651306152, -0.20288507640361786, 0.7568667531013489, 0.46518945693969727, -0.9004704356193542, 0.26013728976249695, 1.340993881225586, -0.37166598439216614, 0.7328029870986938, 0.38838183879852295, -1.033261775970459, 0.2364833801984787, 1.4381564855575562, -0.43358781933784485, 0.709050714969635, 0.3757301867008209, -0.9699864387512207, 0.2827152609825134, 1.4533979892730713, -0.4975511133670807, 0.7119689583778381, 0.4095146954059601, -0.9084197878837585, 0.2942727506160736, 1.41786789894104, -0.41248589754104614, 0.5810519456863403, 1.3428449630737305, 0.07123342901468277, 0.3717782199382782, 1.3506094217300415, -0.06443946808576584, 0.5768154859542847, 1.813620686531067, -0.03857651725411415, 0.37616875767707825, 1.8104726076126099, -0.013539613224565983, 0.5675367712974548, 2.1825144290924072, 0.4525755047798157, 0.37415358424186707, 2.215169668197632, 0.19870376586914062, 0.5677604675292969, 2.241386890411377, 0.503522515296936, 0.36726686358451843, 2.2813947200775146, 0.21771351993083954, 0.5561358332633972, 2.3084843158721924, 0.2633645832538605, 0.4197204113006592, 2.3367464542388916, -0.06965093314647675], "left_hand": [0.7716656923294067, 0.4486538767814636, -3.995459074701557e-09, 0.7394296526908875, 0.44154393672943115, -0.006913776975125074, 0.7053773403167725, 0.4254513382911682, -0.011500880122184753, 0.6805629730224609, 0.4150991439819336, -0.016531843692064285, 0.6606345176696777, 0.4139457941055298, -0.021653059870004654, 0.70329749584198, 0.3799270689487457, -0.008052371442317963, 0.6783336400985718, 0.3440793752670288, -0.018787981942296028, 0.6676408052444458, 0.3281099498271942, -0.027011584490537643, 0.6586925983428955, 0.3160474896430969, -0.032380927354097366, 0.7198508977890015, 0.365461528301239, -0.012098899111151695, 0.6983424425125122, 0.32461461424827576, -0.020154092460870743, 0.6885975003242493, 0.30366551876068115, -0.026221364736557007, 0.6810646057128906, 0.2871444523334503, -0.031135303899645805, 0.7397550344467163, 0.357994943857193, -0.017820052802562714, 0.7270134091377258, 0.3171716332435608, -0.02686992660164833, 0.7217212915420532, 0.2946683466434479, -0.03171652555465698, 0.7168748378753662, 0.27730366587638855, -0.035381875932216644, 0.7623107433319092, 0.3571271598339081, -0.02428385615348816, 0.7595999240875244, 0.3251056373119354, -0.03155963122844696, 0.7587853670120239, 0.3057684600353241, -0.03366841375827789, 0.7572799324989319, 0.28938066959381104, -0.035422876477241516], "right_hand": [0.0, 0.0, 0.0, 0.0, 0.0, 0.0, 0.0, 0.0, 0.0, 0.0, 0.0, 0.0, 0.0, 0.0, 0.0, 0.0, 0.0, 0.0, 0.0, 0.0, 0.0, 0.0, 0.0, 0.0, 0.0, 0.0, 0.0, 0.0, 0.0, 0.0, 0.0, 0.0, 0.0, 0.0, 0.0, 0.0, 0.0, 0.0, 0.0, 0.0, 0.0, 0.0, 0.0, 0.0, 0.0, 0.0, 0.0, 0.0, 0.0, 0.0, 0.0, 0.0, 0.0, 0.0, 0.0, 0.0, 0.0, 0.0, 0.0, 0.0, 0.0, 0.0, 0.0]}