{"body_pose": [0.46476221084594727, 0.5619832277297974, -0.6818744540214539, 0.4791242182254791, 0.5225233435630798, -0.6242677569389343, 0.4886627793312073, 0.5225069522857666, -0.62337726354599, 0.49759048223495483, 0.5226274132728577, -0.622209370136261, 0.446271151304245, 0.5248259902000427, -0.6371145844459534, 0.43369489908218384, 0.5261971354484558, -0.6375035643577576, 0.42209434509277344, 0.5276655554771423, -0.6373976469039917, 0.5090730786323547, 0.5446302890777588, -0.31706780195236206, 0.405564546585083, 0.551512598991394, -0.3571716845035553, 0.4853384494781494, 0.5961041450500488, -0.5707713961601257, 0.44398432970046997, 0.6001815795898438, -0.5841245055198669, 0.6096715331077576, 0.7581472396850586, -0.16141842305660248, 0.31468266248703003, 0.7989807724952698, -0.22704675793647766, 0.8556627035140991, 0.7436161637306213, -0.4414830505847931, 0.25100448727607727, 1.0850582122802734, -0.20599794387817383, 0.8194727897644043, 0.46191519498825073, -0.9740180969238281, 0.25518861413002014, 1.3430500030517578, -0.40113624930381775, 0.7995296120643616, 0.3749185800552368, -1.1086395978927612, 0.22893711924552917, 1.4396710395812988, -0.4619283676147461, 0.771731436252594, 0.3604317903518677, -1.0518662929534912, 0.2766406834125519, 1.4578189849853516, -0.5347147583961487, 0.7702383995056152, 0.3968154489994049, -0.9849896430969238, 0.29004713892936707, 1.4224773645401, -0.44915929436683655, 0.5813374519348145, 1.345218300819397, 0.06735841929912567, 0.37146690487861633, 1.3509193658828735, -0.060346584767103195, 0.577246367931366, 1.8153581619262695, -0.033323515206575394, 0.37619587779045105, 1.8113229274749756, 0.00732368603348732, 0.5684516429901123, 2.195913553237915, 0.47406816482543945, 0.3744460940361023, 2.2170937061309814, 0.22817139327526093, 0.5683500170707703, 2.2570717334747314, 0.5264729261398315, 0.36758047342300415, 2.2840287685394287, 0.24561187624931335, 0.5564083456993103, 2.3232572078704834, 0.2781433165073395, 0.41930797696113586, 2.339512825012207, -0.03944500535726547], "left_hand": [0.8226284384727478, 0.4451656937599182, 7.214041630732027e-08, 0.7878972291946411, 0.42792490124702454, -0.009901696816086769, 0.7576967477798462, 0.40511494874954224, -0.01621379144489765, 0.7347238659858704, 0.38704490661621094, -0.022767750546336174, 0.7134374380111694, 0.37853506207466125, -0.029058579355478287, 0.7609772682189941, 0.3571460247039795, -0.0075019365176558495, 0.740576982498169, 0.31754398345947266, -0.017860425636172295, 0.7329299449920654, 0.2978006601333618, -0.026338916271924973, 0.727394163608551, 0.2797123193740845, -0.03235872834920883, 0.780029833316803, 0.3450924754142761, -0.010716143995523453, 0.764230489730835, 0.29987189173698425, -0.01853852905333042, 0.757739245891571, 0.27587950229644775, -0.025167012587189674, 0.753315806388855, 0.25451481342315674, -0.030675992369651794, 0.801632285118103, 0.34164267778396606, -0.015997901558876038, 0.7941917777061462, 0.2973584830760956, -0.025023022666573524, 0.791525661945343, 0.27322646975517273, -0.0296916626393795, 0.7892782092094421, 0.25228023529052734, -0.033356036990880966, 0.8246827125549316, 0.34617751836776733, -0.022416336461901665, 0.8275479674339294, 0.3131347596645355, -0.029448051005601883, 0.8303980231285095, 0.2931692898273468, -0.030993100255727768, 0.8324845433235168, 0.2750435173511505, -0.032315127551555634], "right_hand": [0.0, 0.0, 0.0, 0.0, 0.0, 0.0, 0.0, 0.0, 0.0, 0.0, 0.0, 0.0, 0.0, 0.0, 0.0, 0.0, 0.0, 0.0, 0.0, 0.0, 0.0, 0.0, 0.0, 0.0, 0.0, 0.0, 0.0, 0.0, 0.0, 0.0, 0.0, 0.0, 0.0, 0.0, 0.0, 0.0, 0.0, 0.0, 0.0, 0.0, 0.0, 0.0, 0.0, 0.0, 0.0, 0.0, 0.0, 0.0, 0.0, 0.0, 0.0, 0.0, 0.0, 0.0, 0.0, 0.0, 0.0, 0.0, 0.0, 0.0, 0.0, 0.0, 0.0]}