{"body_pose": [0.46421903371810913, 0.5642624497413635, -0.7640439867973328, 0.4789711833000183, 0.524609386920929, -0.7061908841133118, 0.48865094780921936, 0.5245543718338013, -0.7053593993186951, 0.4975888729095459, 0.5246118307113647, -0.704273521900177, 0.4448104500770569, 0.5270556807518005, -0.718434751033783, 0.4321582615375519, 0.528322696685791, -0.7187981009483337, 0.420486181974411, 0.5296424031257629, -0.7186294794082642, 0.508958637714386, 0.5467015504837036, -0.38674357533454895, 0.40475115180015564, 0.5525086522102356, -0.4236333966255188, 0.48522305488586426, 0.597938597202301, -0.6472410559654236, 0.4428618252277374, 0.6022123694419861, -0.6598321199417114, 0.6103959679603577, 0.7596037983894348, -0.2157181054353714, 0.3143351674079895, 0.7987017035484314, -0.28536614775657654, 0.8652471899986267, 0.7442532777786255, -0.5279037356376648, 0.2511323392391205, 1.0876023769378662, -0.30957576632499695, 0.8679257035255432, 0.4548295736312866, -1.0959700345993042, 0.25521260499954224, 1.3431321382522583, -0.550116240978241, 0.8606416583061218, 0.3609047830104828, -1.2387727499008179, 0.22911812365055084, 1.4398406744003296, -0.6254996061325073, 0.825473427772522, 0.3434814214706421, -1.1889413595199585, 0.27687710523605347, 1.458012342453003, -0.6962698698043823, 0.8185727000236511, 0.38053572177886963, -1.1113224029541016, 0.29064884781837463, 1.4230743646621704, -0.5994706749916077, 0.5828688740730286, 1.348459243774414, 0.06626448780298233, 0.37138083577156067, 1.3529942035675049, -0.05904768779873848, 0.5787031054496765, 1.8191207647323608, -0.029663609340786934, 0.37629884481430054, 1.8112170696258545, -0.00041011255234479904, 0.5714372396469116, 2.211108922958374, 0.4955403506755829, 0.37609830498695374, 2.217036247253418, 0.26794350147247314, 0.5728359222412109, 2.274561643600464, 0.5501304864883423, 0.36984631419181824, 2.284158229827881, 0.2898014187812805, 0.5567559003829956, 2.340283155441284, 0.29591625928878784, 0.4207386076450348, 2.3404653072357178, -0.004741554614156485], "left_hand": [0.8600512146949768, 0.44092315435409546, 1.1757015982993835e-07, 0.8279464840888977, 0.4240853190422058, -0.007815130054950714, 0.8007831573486328, 0.3944910168647766, -0.012209150940179825, 0.782474160194397, 0.36921486258506775, -0.016493499279022217, 0.7640895843505859, 0.3565773665904999, -0.020918715745210648, 0.8119922280311584, 0.35153889656066895, -0.01039187703281641, 0.7994167804718018, 0.3071373701095581, -0.020074060186743736, 0.7954789996147156, 0.28228217363357544, -0.027027012780308723, 0.7932888269424438, 0.2613690197467804, -0.031773410737514496, 0.8321110606193542, 0.34242644906044006, -0.014181127771735191, 0.8232528567314148, 0.29452401399612427, -0.021654469892382622, 0.8200956583023071, 0.26619455218315125, -0.02794228121638298, 0.8189082741737366, 0.2426067590713501, -0.03264771029353142, 0.8535590767860413, 0.34303736686706543, -0.01912476308643818, 0.8531587719917297, 0.29853665828704834, -0.028256002813577652, 0.8557773232460022, 0.2723132371902466, -0.03331444039940834, 0.8589763641357422, 0.2508732080459595, -0.036661624908447266, 0.8752680420875549, 0.3518933951854706, -0.024623798206448555, 0.881979763507843, 0.3209262192249298, -0.032894495874643326, 0.8876025080680847, 0.30108004808425903, -0.034667570143938065, 0.8920281529426575, 0.28431975841522217, -0.03547399863600731], "right_hand": [0.0, 0.0, 0.0, 0.0, 0.0, 0.0, 0.0, 0.0, 0.0, 0.0, 0.0, 0.0, 0.0, 0.0, 0.0, 0.0, 0.0, 0.0, 0.0, 0.0, 0.0, 0.0, 0.0, 0.0, 0.0, 0.0, 0.0, 0.0, 0.0, 0.0, 0.0, 0.0, 0.0, 0.0, 0.0, 0.0, 0.0, 0.0, 0.0, 0.0, 0.0, 0.0, 0.0, 0.0, 0.0, 0.0, 0.0, 0.0, 0.0, 0.0, 0.0, 0.0, 0.0, 0.0, 0.0, 0.0, 0.0, 0.0, 0.0, 0.0, 0.0, 0.0, 0.0]}