{"body_pose": [0.46380677819252014, 0.5652746558189392, -0.8181399703025818, 0.4788301885128021, 0.5254348516464233, -0.765684962272644, 0.48862528800964355, 0.52530837059021, -0.7648867964744568, 0.4975793957710266, 0.5253130793571472, -0.763813853263855, 0.44397401809692383, 0.5282367467880249, -0.7745288610458374, 0.4312551021575928, 0.5295900702476501, -0.774897575378418, 0.41953176259994507, 0.5309532880783081, -0.7747597098350525, 0.5089403390884399, 0.5475492477416992, -0.461974173784256, 0.40438422560691833, 0.553336501121521, -0.4830642342567444, 0.48517748713493347, 0.5987974405288696, -0.7061296105384827, 0.4422827363014221, 0.6033263206481934, -0.7141323685646057, 0.6109851002693176, 0.7600885033607483, -0.29278263449668884, 0.3141539990901947, 0.7983040809631348, -0.33280518651008606, 0.8697652816772461, 0.7476829290390015, -0.5910274386405945, 0.2511973977088928, 1.0934805870056152, -0.3479771018028259, 0.8978985548019409, 0.4528650641441345, -1.140025019645691, 0.24187979102134705, 1.3576468229293823, -0.6018303632736206, 0.907076358795166, 0.3626076281070709, -1.2799779176712036, 0.20955821871757507, 1.4528744220733643, -0.6774377822875977, 0.8784136176109314, 0.3435879051685333, -1.237991452217102, 0.2572391629219055, 1.4728360176086426, -0.7548924684524536, 0.8664689064025879, 0.38281139731407166, -1.1583197116851807, 0.2750858962535858, 1.4391740560531616, -0.6545201539993286, 0.5827996134757996, 1.3482911586761475, 0.05419391766190529, 0.37002184987068176, 1.3518627882003784, -0.04700765758752823, 0.5750520825386047, 1.81888747215271, -0.031131120398640633, 0.37197545170783997, 1.8109551668167114, 0.025098958984017372, 0.5666937232017517, 2.2074272632598877, 0.49166035652160645, 0.3717544674873352, 2.2164955139160156, 0.2921602129936218, 0.569440484046936, 2.2693378925323486, 0.5455542206764221, 0.36688628792762756, 2.283228635787964, 0.3138872981071472, 0.5450817346572876, 2.338555335998535, 0.28676891326904297, 0.4090467393398285, 2.3403337001800537, 0.024783190339803696], "left_hand": [0.8998200297355652, 0.4418830871582031, 1.448924393798734e-07, 0.869056761264801, 0.42272236943244934, -0.009858299978077412, 0.8441020846366882, 0.3898758888244629, -0.015177847817540169, 0.8279567956924438, 0.3619160056114197, -0.01993681490421295, 0.8115687370300293, 0.34444984793663025, -0.024669721722602844, 0.8609842658042908, 0.34682878851890564, -0.012497699819505215, 0.8539541959762573, 0.3015100359916687, -0.02309250459074974, 0.8533066511154175, 0.27609339356422424, -0.03079749085009098, 0.8541237115859985, 0.2548699378967285, -0.03593657165765762, 0.881502091884613, 0.34167084097862244, -0.015462905168533325, 0.8783413171768188, 0.294173926115036, -0.023386316373944283, 0.8785256147384644, 0.2661944031715393, -0.03008485957980156, 0.8802675604820251, 0.24314148724079132, -0.035082604736089706, 0.9022855162620544, 0.3464069068431854, -0.019742490723729134, 0.9074395895004272, 0.3042084872722626, -0.029033441096544266, 0.9127840399742126, 0.2784421443939209, -0.034404490143060684, 0.9183686971664429, 0.2577950656414032, -0.037937846034765244, 0.9221867322921753, 0.35932785272598267, -0.024761863052845, 0.9314959049224854, 0.3297875225543976, -0.03316383436322212, 0.9392149448394775, 0.31203892827033997, -0.035070598125457764, 0.9458016157150269, 0.2979004681110382, -0.03585497662425041], "right_hand": [0.0, 0.0, 0.0, 0.0, 0.0, 0.0, 0.0, 0.0, 0.0, 0.0, 0.0, 0.0, 0.0, 0.0, 0.0, 0.0, 0.0, 0.0, 0.0, 0.0, 0.0, 0.0, 0.0, 0.0, 0.0, 0.0, 0.0, 0.0, 0.0, 0.0, 0.0, 0.0, 0.0, 0.0, 0.0, 0.0, 0.0, 0.0, 0.0, 0.0, 0.0, 0.0, 0.0, 0.0, 0.0, 0.0, 0.0, 0.0, 0.0, 0.0, 0.0, 0.0, 0.0, 0.0, 0.0, 0.0, 0.0, 0.0, 0.0, 0.0, 0.0, 0.0, 0.0]}