{"body_pose": [0.462296724319458, 0.5653179883956909, -0.7724641561508179, 0.47765302658081055, 0.525856614112854, -0.7164788246154785, 0.4878200888633728, 0.5258573889732361, -0.7156572341918945, 0.49691733717918396, 0.5260205268859863, -0.7146204113960266, 0.44219616055488586, 0.5284196138381958, -0.7285400629043579, 0.4296598434448242, 0.5297451615333557, -0.7289147973060608, 0.417996346950531, 0.5311024188995361, -0.7287939190864563, 0.5078637599945068, 0.5488355159759521, -0.40910911560058594, 0.40356606245040894, 0.553537130355835, -0.44858428835868835, 0.4841741919517517, 0.5990420579910278, -0.6599072813987732, 0.44052693247795105, 0.6034594178199768, -0.6722813248634338, 0.6109727621078491, 0.7619270086288452, -0.2518655061721802, 0.3133266270160675, 0.7981801629066467, -0.3069826662540436, 0.868831992149353, 0.7572632431983948, -0.5467646718025208, 0.25125449895858765, 1.0948045253753662, -0.3232237994670868, 0.926495373249054, 0.4536491930484772, -1.099108099937439, 0.24026109278202057, 1.361619234085083, -0.5810909867286682, 0.938241183757782, 0.37322619557380676, -1.2373617887496948, 0.20762233436107635, 1.456616759300232, -0.6563538312911987, 0.9179951548576355, 0.35727211833000183, -1.198085904121399, 0.255609929561615, 1.4775406122207642, -0.7314684987068176, 0.9057965278625488, 0.3949130177497864, -1.1191251277923584, 0.2736941874027252, 1.4441250562667847, -0.6334956288337708, 0.5828140377998352, 1.3488048315048218, 0.05303284898400307, 0.3687499463558197, 1.3519450426101685, -0.04570191726088524, 0.5752595663070679, 1.8192644119262695, -0.029382923617959023, 0.37193796038627625, 1.8136929273605347, 0.02868197299540043, 0.5683171153068542, 2.205840587615967, 0.5000697374343872, 0.3721446990966797, 2.219175100326538, 0.29288342595100403, 0.5724471211433411, 2.2669899463653564, 0.5549021363258362, 0.36705419421195984, 2.2857723236083984, 0.3142790198326111, 0.5473247766494751, 2.3368937969207764, 0.30100885033607483, 0.40968775749206543, 2.3447372913360596, 0.02513197250664234], "left_hand": [0.931337833404541, 0.4494590759277344, 1.6546580638987507e-07, 0.9035015106201172, 0.4254521429538727, -0.009999017231166363, 0.8824450969696045, 0.3887137770652771, -0.015549903735518456, 0.8690767288208008, 0.35896122455596924, -0.02047066017985344, 0.85471111536026, 0.34027737379074097, -0.025690941140055656, 0.9050270915031433, 0.3502510190010071, -0.015007044188678265, 0.9030648469924927, 0.30432775616645813, -0.026318758726119995, 0.904051661491394, 0.2784144878387451, -0.03449754789471626, 0.9058079123497009, 0.25667884945869446, -0.039939481765031815, 0.9263027906417847, 0.34900957345962524, -0.018149251118302345, 0.9293017387390137, 0.3004959225654602, -0.026766514405608177, 0.9325525164604187, 0.27146536111831665, -0.033727046102285385, 0.9367823600769043, 0.24783417582511902, -0.03884191811084747, 0.9469867944717407, 0.35768061876296997, -0.022398296743631363, 0.9560445547103882, 0.3160665035247803, -0.03213793411850929, 0.963134765625, 0.291395366191864, -0.03741677105426788, 0.9703686833381653, 0.2716823220252991, -0.04078489542007446, 0.9661905169487, 0.3744505047798157, -0.02734166756272316, 0.9781836867332458, 0.34652140736579895, -0.03624444454908371, 0.9877293109893799, 0.3290533721446991, -0.03819185122847557, 0.9961946606636047, 0.3149881958961487, -0.03886469453573227], "right_hand": [0.0, 0.0, 0.0, 0.0, 0.0, 0.0, 0.0, 0.0, 0.0, 0.0, 0.0, 0.0, 0.0, 0.0, 0.0, 0.0, 0.0, 0.0, 0.0, 0.0, 0.0, 0.0, 0.0, 0.0, 0.0, 0.0, 0.0, 0.0, 0.0, 0.0, 0.0, 0.0, 0.0, 0.0, 0.0, 0.0, 0.0, 0.0, 0.0, 0.0, 0.0, 0.0, 0.0, 0.0, 0.0, 0.0, 0.0, 0.0, 0.0, 0.0, 0.0, 0.0, 0.0, 0.0, 0.0, 0.0, 0.0, 0.0, 0.0, 0.0, 0.0, 0.0, 0.0]}