{"body_pose": [0.46072226762771606, 0.5652828812599182, -0.7616608738899231, 0.476592093706131, 0.5258239507675171, -0.7020494341850281, 0.4869968891143799, 0.5258289575576782, -0.7011250853538513, 0.49620696902275085, 0.5260021090507507, -0.700067937374115, 0.44071534276008606, 0.5284997820854187, -0.7276039719581604, 0.42823711037635803, 0.5299380421638489, -0.7281402945518494, 0.4166160523891449, 0.5314244031906128, -0.728196918964386, 0.5072513222694397, 0.5490925908088684, -0.3890366852283478, 0.40311333537101746, 0.5541358590126038, -0.41427382826805115, 0.48341840505599976, 0.599035918712616, -0.6456618905067444, 0.4392807185649872, 0.6034754514694214, -0.668465793132782, 0.6109787821769714, 0.7637279033660889, -0.23707517981529236, 0.3132786750793457, 0.7981880307197571, -0.27857255935668945, 0.8681484460830688, 0.7640906572341919, -0.5093365907669067, 0.2533174157142639, 1.0957003831863403, -0.3197830617427826, 0.9528719782829285, 0.4685976803302765, -1.018602728843689, 0.23978817462921143, 1.361802339553833, -0.5490463972091675, 0.9749313592910767, 0.37727153301239014, -1.1400343179702759, 0.2066105604171753, 1.4562381505966187, -0.6204423308372498, 0.9581549763679504, 0.36584022641181946, -1.1909503936767578, 0.2515123784542084, 1.4766316413879395, -0.6975722312927246, 0.9453639388084412, 0.4000633656978607, -1.076090693473816, 0.27052542567253113, 1.4433963298797607, -0.6018539071083069, 0.5812113881111145, 1.3502365350723267, 0.049256760627031326, 0.3657648265361786, 1.3520240783691406, -0.04172929376363754, 0.5744404196739197, 1.8191896677017212, -0.018300721421837807, 0.3703654408454895, 1.8125896453857422, 0.04408492520451546, 0.5678935050964355, 2.204094171524048, 0.5349892377853394, 0.37155964970588684, 2.217686891555786, 0.33410587906837463, 0.5720043778419495, 2.264921188354492, 0.5923635363578796, 0.36696186661720276, 2.2838382720947266, 0.3579646944999695, 0.5458753705024719, 2.334845542907715, 0.3447954058647156, 0.4050307273864746, 2.3429574966430664, 0.06635811179876328], "left_hand": [0.9613884091377258, 0.46082523465156555, 1.6013268577808049e-07, 0.9373818039894104, 0.43448132276535034, -0.010412368923425674, 0.9193758964538574, 0.3931741416454315, -0.014918430708348751, 0.9077142477035522, 0.3618932068347931, -0.018831495195627213, 0.894325315952301, 0.3422345519065857, -0.02281028963625431, 0.943986177444458, 0.3566177487373352, -0.00868135504424572, 0.9469676613807678, 0.3115459978580475, -0.018350161612033844, 0.951012134552002, 0.28550985455513, -0.02605874463915825, 0.9551306366920471, 0.2643548548221588, -0.031060190871357918, 0.9634500741958618, 0.3566499948501587, -0.010129177011549473, 0.9710292816162109, 0.3103598654270172, -0.016805503517389297, 0.9766054749488831, 0.2832498252391815, -0.022499866783618927, 0.9819676876068115, 0.2621619403362274, -0.026637064293026924, 0.981098473072052, 0.36471736431121826, -0.013259411789476871, 0.9900274872779846, 0.32447701692581177, -0.01934143528342247, 0.9957056641578674, 0.30009201169013977, -0.022321199998259544, 1.001061201095581, 0.2815447449684143, -0.02450157143175602, 0.9970369935035706, 0.378996342420578, -0.017618974670767784, 1.0058673620224, 0.34819507598876953, -0.022089391946792603, 1.0116431713104248, 0.3293899893760681, -0.02212834358215332, 1.016370415687561, 0.3144753575325012, -0.021985040977597237], "right_hand": [0.0, 0.0, 0.0, 0.0, 0.0, 0.0, 0.0, 0.0, 0.0, 0.0, 0.0, 0.0, 0.0, 0.0, 0.0, 0.0, 0.0, 0.0, 0.0, 0.0, 0.0, 0.0, 0.0, 0.0, 0.0, 0.0, 0.0, 0.0, 0.0, 0.0, 0.0, 0.0, 0.0, 0.0, 0.0, 0.0, 0.0, 0.0, 0.0, 0.0, 0.0, 0.0, 0.0, 0.0, 0.0, 0.0, 0.0, 0.0, 0.0, 0.0, 0.0, 0.0, 0.0, 0.0, 0.0, 0.0, 0.0, 0.0, 0.0, 0.0, 0.0, 0.0, 0.0]}