{"body_pose": [0.4603223502635956, 0.5654863715171814, -0.7730756402015686, 0.4758492112159729, 0.5260295867919922, -0.714823305606842, 0.4862014651298523, 0.5260129570960999, -0.7140012979507446, 0.49529361724853516, 0.5261637568473816, -0.7130715250968933, 0.4400723874568939, 0.5290213823318481, -0.7305806875228882, 0.4275347590446472, 0.5306602716445923, -0.7309554219245911, 0.4158534109592438, 0.5323966145515442, -0.7308087348937988, 0.5057491064071655, 0.5492966175079346, -0.40004590153694153, 0.4025120735168457, 0.5554535984992981, -0.43738457560539246, 0.48313072323799133, 0.5993145704269409, -0.6584272980690002, 0.43889620900154114, 0.6042181849479675, -0.6746044158935547, 0.6109934449195862, 0.7663052082061768, -0.23088489472866058, 0.31268197298049927, 0.798556923866272, -0.3141229450702667, 0.8673729300498962, 0.7707878947257996, -0.46796873211860657, 0.25209781527519226, 1.0970803499221802, -0.3269810080528259, 0.9648769497871399, 0.4986438453197479, -0.9591351747512817, 0.2351778894662857, 1.3649204969406128, -0.5529226660728455, 0.9968053102493286, 0.4020681083202362, -1.0784586668014526, 0.20008380711078644, 1.4575061798095703, -0.6206566691398621, 0.9784395098686218, 0.38241222500801086, -1.1155158281326294, 0.24562616646289825, 1.4794726371765137, -0.7024520039558411, 0.9616135358810425, 0.41832590103149414, -1.0100027322769165, 0.2654320299625397, 1.4474462270736694, -0.6074514985084534, 0.5596402883529663, 1.3507155179977417, 0.05233648791909218, 0.36313554644584656, 1.355000376701355, -0.04453685134649277, 0.5745295882225037, 1.8195908069610596, -0.0014928336022421718, 0.37000295519828796, 1.817481279373169, 0.02908589132130146, 0.568054735660553, 2.202925682067871, 0.5588578581809998, 0.3704306483268738, 2.220126152038574, 0.3164319097995758, 0.5717028379440308, 2.2634618282318115, 0.6165898442268372, 0.36561936140060425, 2.2865254878997803, 0.3400801718235016, 0.5472750663757324, 2.3338873386383057, 0.37957075238227844, 0.4049738943576813, 2.344813108444214, 0.045904625207185745], "left_hand": [0.9843031167984009, 0.4634283781051636, 1.3507761309483612e-07, 0.9615288972854614, 0.43709123134613037, -0.009665461257100105, 0.9471719264984131, 0.39673855900764465, -0.012596219778060913, 0.9385455250740051, 0.36500778794288635, -0.014704382047057152, 0.9283974766731262, 0.34267306327819824, -0.01578574813902378, 0.9761541485786438, 0.36152756214141846, -0.0007527170819230378, 0.9821411371231079, 0.3187739849090576, -0.006435922812670469, 0.9876930117607117, 0.29373815655708313, -0.012002271600067616, 0.9926993250846863, 0.27398481965065, -0.015456057153642178, 0.9900516867637634, 0.3621402978897095, 0.00010092841694131494, 0.9964166879653931, 0.32000428438186646, -0.0038436478935182095, 1.000589370727539, 0.29500946402549744, -0.007835016585886478, 1.0042115449905396, 0.2752213776111603, -0.010595543310046196, 0.999622642993927, 0.3653644621372223, -0.0009728827280923724, 1.0057709217071533, 0.3254930377006531, -0.004721395205706358, 1.0090974569320679, 0.30028051137924194, -0.006273277569562197, 1.0123978853225708, 0.28044968843460083, -0.006899520289152861, 1.0053503513336182, 0.36954641342163086, -0.0032855805475264788, 1.0094741582870483, 0.33435526490211487, -0.005723126698285341, 1.0128228664398193, 0.31224265694618225, -0.005205984693020582, 1.0157426595687866, 0.29445382952690125, -0.004332712385803461], "right_hand": [0.0, 0.0, 0.0, 0.0, 0.0, 0.0, 0.0, 0.0, 0.0, 0.0, 0.0, 0.0, 0.0, 0.0, 0.0, 0.0, 0.0, 0.0, 0.0, 0.0, 0.0, 0.0, 0.0, 0.0, 0.0, 0.0, 0.0, 0.0, 0.0, 0.0, 0.0, 0.0, 0.0, 0.0, 0.0, 0.0, 0.0, 0.0, 0.0, 0.0, 0.0, 0.0, 0.0, 0.0, 0.0, 0.0, 0.0, 0.0, 0.0, 0.0, 0.0, 0.0, 0.0, 0.0, 0.0, 0.0, 0.0, 0.0, 0.0, 0.0, 0.0, 0.0, 0.0]}