{"body_pose": [0.4586726725101471, 0.5657803416252136, -0.7763251662254333, 0.4739334285259247, 0.5260939002037048, -0.7182309031486511, 0.48459020256996155, 0.526056706905365, -0.7174168229103088, 0.49389222264289856, 0.5261939167976379, -0.7165282964706421, 0.4376657009124756, 0.5294185876846313, -0.731167197227478, 0.4249897599220276, 0.531277060508728, -0.7315016984939575, 0.41324862837791443, 0.533287525177002, -0.7312902212142944, 0.5046631693840027, 0.5494730472564697, -0.40405821800231934, 0.40058282017707825, 0.5569061040878296, -0.44270920753479004, 0.48252591490745544, 0.599882960319519, -0.6628871560096741, 0.4377959668636322, 0.6050946116447449, -0.6769241690635681, 0.6112807989120483, 0.7697246074676514, -0.23081254959106445, 0.3119891285896301, 0.7993776798248291, -0.32196545600891113, 0.8673529624938965, 0.7812861800193787, -0.43787863850593567, 0.25192990899086, 1.102098822593689, -0.32499733567237854, 0.9786264300346375, 0.5225226283073425, -0.9011649489402771, 0.22995726764202118, 1.3692352771759033, -0.5474058985710144, 1.0145286321640015, 0.4118436276912689, -1.0174987316131592, 0.19224373996257782, 1.4590932130813599, -0.6132341027259827, 1.000320315361023, 0.3882391154766083, -1.0296036005020142, 0.23685988783836365, 1.481993317604065, -0.6961621642112732, 0.9807494878768921, 0.43408194184303284, -0.9427270889282227, 0.25827404856681824, 1.451450228691101, -0.6026391386985779, 0.560036301612854, 1.3571457862854004, 0.053447335958480835, 0.3602522015571594, 1.3573912382125854, -0.04549484699964523, 0.572454035282135, 1.8198713064193726, 0.011386689729988575, 0.3672172725200653, 1.819376826286316, 0.02972779981791973, 0.5630935430526733, 2.202650785446167, 0.5908588767051697, 0.364837646484375, 2.220606565475464, 0.32942041754722595, 0.565409779548645, 2.262939691543579, 0.650651752948761, 0.36014339327812195, 2.2872097492218018, 0.35361114144325256, 0.5437758564949036, 2.33333158493042, 0.4230000972747803, 0.39664533734321594, 2.3450846672058105, 0.05873740464448929], "left_hand": [0.0, 0.0, 0.0, 0.0, 0.0, 0.0, 0.0, 0.0, 0.0, 0.0, 0.0, 0.0, 0.0, 0.0, 0.0, 0.0, 0.0, 0.0, 0.0, 0.0, 0.0, 0.0, 0.0, 0.0, 0.0, 0.0, 0.0, 0.0, 0.0, 0.0, 0.0, 0.0, 0.0, 0.0, 0.0, 0.0, 0.0, 0.0, 0.0, 0.0, 0.0, 0.0, 0.0, 0.0, 0.0, 0.0, 0.0, 0.0, 0.0, 0.0, 0.0, 0.0, 0.0, 0.0, 0.0, 0.0, 0.0, 0.0, 0.0, 0.0, 0.0, 0.0, 0.0], "right_hand": [0.0, 0.0, 0.0, 0.0, 0.0, 0.0, 0.0, 0.0, 0.0, 0.0, 0.0, 0.0, 0.0, 0.0, 0.0, 0.0, 0.0, 0.0, 0.0, 0.0, 0.0, 0.0, 0.0, 0.0, 0.0, 0.0, 0.0, 0.0, 0.0, 0.0, 0.0, 0.0, 0.0, 0.0, 0.0, 0.0, 0.0, 0.0, 0.0, 0.0, 0.0, 0.0, 0.0, 0.0, 0.0, 0.0, 0.0, 0.0, 0.0, 0.0, 0.0, 0.0, 0.0, 0.0, 0.0, 0.0, 0.0, 0.0, 0.0, 0.0, 0.0, 0.0, 0.0]}