{"body_pose": [0.4578263759613037, 0.5664130449295044, -0.771621584892273, 0.47280406951904297, 0.5263733267784119, -0.7131420373916626, 0.4835476279258728, 0.5262400507926941, -0.712356686592102, 0.4929214417934418, 0.526313841342926, -0.7115173935890198, 0.436466246843338, 0.5301636457443237, -0.7252688407897949, 0.4238118827342987, 0.5322136282920837, -0.725590705871582, 0.4121193289756775, 0.5344589948654175, -0.7253714203834534, 0.5036328434944153, 0.549649178981781, -0.39652419090270996, 0.3997788727283478, 0.5582284331321716, -0.435953289270401, 0.48201316595077515, 0.6006949543952942, -0.6569555401802063, 0.437239408493042, 0.6061098575592041, -0.6703736186027527, 0.6114755272865295, 0.771285355091095, -0.2261096090078354, 0.31198281049728394, 0.7996630072593689, -0.311555951833725, 0.8671759963035583, 0.788648247718811, -0.4009076654911041, 0.251816064119339, 1.1047956943511963, -0.3193279802799225, 1.0009952783584595, 0.5467073917388916, -0.8720292448997498, 0.22734655439853668, 1.3686833381652832, -0.5446318984031677, 1.0380386114120483, 0.4522343575954437, -0.9876918792724609, 0.18991637229919434, 1.456956148147583, -0.6019952893257141, 1.0232679843902588, 0.43137019872665405, -0.9995046257972717, 0.2315850555896759, 1.4798825979232788, -0.6865358948707581, 1.0098212957382202, 0.46869850158691406, -0.913342297077179, 0.2529211938381195, 1.4512052536010742, -0.5941845774650574, 0.5617742538452148, 1.3590197563171387, 0.05393315106630325, 0.35843348503112793, 1.358777403831482, -0.04608997702598572, 0.5686919689178467, 1.8193447589874268, 0.013115542009472847, 0.3645936846733093, 1.8191418647766113, 0.024389933794736862, 0.5580421686172485, 2.201911687850952, 0.5885080695152283, 0.3612758219242096, 2.220783233642578, 0.3308471143245697, 0.5599878430366516, 2.262293577194214, 0.6469144821166992, 0.3566924035549164, 2.2875192165374756, 0.35571804642677307, 0.5390377640724182, 2.332458257675171, 0.41141557693481445, 0.39141497015953064, 2.344869613647461, 0.0565776601433754], "left_hand": [0.0, 0.0, 0.0, 0.0, 0.0, 0.0, 0.0, 0.0, 0.0, 0.0, 0.0, 0.0, 0.0, 0.0, 0.0, 0.0, 0.0, 0.0, 0.0, 0.0, 0.0, 0.0, 0.0, 0.0, 0.0, 0.0, 0.0, 0.0, 0.0, 0.0, 0.0, 0.0, 0.0, 0.0, 0.0, 0.0, 0.0, 0.0, 0.0, 0.0, 0.0, 0.0, 0.0, 0.0, 0.0, 0.0, 0.0, 0.0, 0.0, 0.0, 0.0, 0.0, 0.0, 0.0, 0.0, 0.0, 0.0, 0.0, 0.0, 0.0, 0.0, 0.0, 0.0], "right_hand": [0.0, 0.0, 0.0, 0.0, 0.0, 0.0, 0.0, 0.0, 0.0, 0.0, 0.0, 0.0, 0.0, 0.0, 0.0, 0.0, 0.0, 0.0, 0.0, 0.0, 0.0, 0.0, 0.0, 0.0, 0.0, 0.0, 0.0, 0.0, 0.0, 0.0, 0.0, 0.0, 0.0, 0.0, 0.0, 0.0, 0.0, 0.0, 0.0, 0.0, 0.0, 0.0, 0.0, 0.0, 0.0, 0.0, 0.0, 0.0, 0.0, 0.0, 0.0, 0.0, 0.0, 0.0, 0.0, 0.0, 0.0, 0.0, 0.0, 0.0, 0.0, 0.0, 0.0]}