{"body_pose": [0.4577271044254303, 0.5666859745979309, -0.7924538850784302, 0.4725051522254944, 0.5264617204666138, -0.7329896092414856, 0.4832518398761749, 0.5262829065322876, -0.7321767807006836, 0.49261024594306946, 0.5263268351554871, -0.7313465476036072, 0.43609604239463806, 0.5305764675140381, -0.7463989853858948, 0.4234493672847748, 0.5327849388122559, -0.7467150092124939, 0.4117701053619385, 0.5351839065551758, -0.7464665770530701, 0.5032793283462524, 0.5496638417243958, -0.4082390367984772, 0.3994673192501068, 0.559019148349762, -0.45432016253471375, 0.48197731375694275, 0.6010117530822754, -0.674741804599762, 0.43722525238990784, 0.6065897345542908, -0.6899625062942505, 0.6120467185974121, 0.7732452154159546, -0.22343608736991882, 0.31197789311408997, 0.8003025650978088, -0.3247990906238556, 0.8669880032539368, 0.7922133803367615, -0.4034273624420166, 0.24831660091876984, 1.1098405122756958, -0.3252076804637909, 1.0092666149139404, 0.5602230429649353, -0.8952255249023438, 0.22018401324748993, 1.3740109205245972, -0.5622820854187012, 1.052511215209961, 0.4759836792945862, -1.0137792825698853, 0.18089811503887177, 1.4608306884765625, -0.6268786191940308, 1.0358835458755493, 0.4555155336856842, -1.0159187316894531, 0.22403359413146973, 1.484686255455017, -0.7178751826286316, 1.020381212234497, 0.4890011250972748, -0.9330454468727112, 0.2457873672246933, 1.4559345245361328, -0.6194392442703247, 0.562904953956604, 1.360255479812622, 0.055026113986968994, 0.3583103120326996, 1.360721230506897, -0.047017745673656464, 0.5684499740600586, 1.8203622102737427, 0.0190400630235672, 0.36494097113609314, 1.819961667060852, 0.015261569991707802, 0.5587232112884521, 2.2150206565856934, 0.5831131339073181, 0.36190065741539, 2.2213945388793945, 0.32230544090270996, 0.560701847076416, 2.2808282375335693, 0.6335897445678711, 0.35717445611953735, 2.288423776626587, 0.3467283546924591, 0.5400969386100769, 2.3405909538269043, 0.37650540471076965, 0.39333227276802063, 2.34486985206604, 0.046826284378767014], "left_hand": [0.0, 0.0, 0.0, 0.0, 0.0, 0.0, 0.0, 0.0, 0.0, 0.0, 0.0, 0.0, 0.0, 0.0, 0.0, 0.0, 0.0, 0.0, 0.0, 0.0, 0.0, 0.0, 0.0, 0.0, 0.0, 0.0, 0.0, 0.0, 0.0, 0.0, 0.0, 0.0, 0.0, 0.0, 0.0, 0.0, 0.0, 0.0, 0.0, 0.0, 0.0, 0.0, 0.0, 0.0, 0.0, 0.0, 0.0, 0.0, 0.0, 0.0, 0.0, 0.0, 0.0, 0.0, 0.0, 0.0, 0.0, 0.0, 0.0, 0.0, 0.0, 0.0, 0.0], "right_hand": [0.0, 0.0, 0.0, 0.0, 0.0, 0.0, 0.0, 0.0, 0.0, 0.0, 0.0, 0.0, 0.0, 0.0, 0.0, 0.0, 0.0, 0.0, 0.0, 0.0, 0.0, 0.0, 0.0, 0.0, 0.0, 0.0, 0.0, 0.0, 0.0, 0.0, 0.0, 0.0, 0.0, 0.0, 0.0, 0.0, 0.0, 0.0, 0.0, 0.0, 0.0, 0.0, 0.0, 0.0, 0.0, 0.0, 0.0, 0.0, 0.0, 0.0, 0.0, 0.0, 0.0, 0.0, 0.0, 0.0, 0.0, 0.0, 0.0, 0.0, 0.0, 0.0, 0.0]}