{"body_pose": [0.4659988284111023, 0.5532830953598022, -0.7206206321716309, 0.4795810580253601, 0.514335572719574, -0.6601088643074036, 0.48866763710975647, 0.5142695307731628, -0.659386157989502, 0.49764198064804077, 0.5144194960594177, -0.6584343314170837, 0.4493062198162079, 0.5164805054664612, -0.6820507049560547, 0.4370882511138916, 0.5180457234382629, -0.6823737025260925, 0.42532140016555786, 0.5199986100196838, -0.6823706030845642, 0.5111021995544434, 0.5364448428153992, -0.3387962877750397, 0.40750113129615784, 0.5438457727432251, -0.4218842387199402, 0.48494094610214233, 0.590830385684967, -0.6012862920761108, 0.4459784924983978, 0.5935593247413635, -0.6266049146652222, 0.611633837223053, 0.7546051740646362, -0.20090468227863312, 0.3137509524822235, 0.7989978194236755, -0.2737155556678772, 0.8470891118049622, 0.709176242351532, -0.47158852219581604, 0.25588294863700867, 1.0887963771820068, -0.2895583212375641, 0.6507672667503357, 0.5076612234115601, -0.9592709541320801, 0.25481390953063965, 1.3488504886627197, -0.4898398220539093, 0.6055670380592346, 0.4644621014595032, -1.1063679456710815, 0.23198916018009186, 1.443036437034607, -0.562002420425415, 0.5909262895584106, 0.4755752682685852, -1.0221863985061646, 0.27259838581085205, 1.4536559581756592, -0.6293059587478638, 0.598962664604187, 0.498704195022583, -0.9554013609886169, 0.28544148802757263, 1.4183064699172974, -0.5327465534210205, 0.5789474844932556, 1.3397879600524902, 0.07033583521842957, 0.372947633266449, 1.3509619235992432, -0.06324338167905807, 0.584404468536377, 1.8112696409225464, 0.02282737009227276, 0.37819740176200867, 1.806939721107483, -0.1277177333831787, 0.5801106095314026, 2.165754795074463, 0.6270362734794617, 0.37803915143013, 2.2087626457214355, 0.13457153737545013, 0.5810042023658752, 2.2230734825134277, 0.6890345811843872, 0.37043899297714233, 2.275911569595337, 0.15682843327522278, 0.5713346600532532, 2.2905828952789307, 0.4513605237007141, 0.42501088976860046, 2.329436779022217, -0.1510026752948761], "left_hand": [0.6627486944198608, 0.5156292915344238, 1.5467142588931893e-07, 0.6361212134361267, 0.5323306918144226, -0.007171980571001768, 0.6017380356788635, 0.5398443341255188, -0.010329550132155418, 0.5766292810440063, 0.5439630150794983, -0.013425757177174091, 0.5586485266685486, 0.5518971085548401, -0.01652786135673523, 0.5853989720344543, 0.49969422817230225, -0.004599453881382942, 0.556033730506897, 0.4903947412967682, -0.011380757205188274, 0.5404005646705627, 0.48277029395103455, -0.01697194017469883, 0.5286130905151367, 0.4745861291885376, -0.021040145307779312, 0.5908060669898987, 0.47763684391975403, -0.007488067727535963, 0.5584350228309631, 0.45910003781318665, -0.013122797012329102, 0.5390328764915466, 0.44617563486099243, -0.01877996139228344, 0.5239171981811523, 0.4348107874393463, -0.023046620190143585, 0.6021636128425598, 0.46042174100875854, -0.011849847622215748, 0.5762931108474731, 0.4339202642440796, -0.019539915025234222, 0.5613533854484558, 0.4168458580970764, -0.025333262979984283, 0.5487895011901855, 0.4030036926269531, -0.029250549152493477, 0.61811763048172, 0.44742321968078613, -0.016725171357393265, 0.6041161417961121, 0.4203658699989319, -0.023596730083227158, 0.5954980254173279, 0.4023591876029968, -0.02635340392589569, 0.5874813199043274, 0.3872390687465668, -0.028164496645331383], "right_hand": [0.0, 0.0, 0.0, 0.0, 0.0, 0.0, 0.0, 0.0, 0.0, 0.0, 0.0, 0.0, 0.0, 0.0, 0.0, 0.0, 0.0, 0.0, 0.0, 0.0, 0.0, 0.0, 0.0, 0.0, 0.0, 0.0, 0.0, 0.0, 0.0, 0.0, 0.0, 0.0, 0.0, 0.0, 0.0, 0.0, 0.0, 0.0, 0.0, 0.0, 0.0, 0.0, 0.0, 0.0, 0.0, 0.0, 0.0, 0.0, 0.0, 0.0, 0.0, 0.0, 0.0, 0.0, 0.0, 0.0, 0.0, 0.0, 0.0, 0.0, 0.0, 0.0, 0.0]}