{"body_pose": [0.4565410017967224, 0.5668968558311462, -0.7816575765609741, 0.47163233160972595, 0.5265704393386841, -0.7229164838790894, 0.4825195372104645, 0.5263293385505676, -0.7220867872238159, 0.4919901490211487, 0.5263380408287048, -0.7211880087852478, 0.4350922107696533, 0.5309121608734131, -0.735839307308197, 0.42255574464797974, 0.5331491231918335, -0.7361693978309631, 0.41099756956100464, 0.5355678200721741, -0.7359498143196106, 0.5028635859489441, 0.5496681928634644, -0.40709176659584045, 0.3990004360675812, 0.5593795776367188, -0.44698208570480347, 0.48125433921813965, 0.6013779044151306, -0.6663446426391602, 0.4363865554332733, 0.6068688035011292, -0.6804470419883728, 0.6120826601982117, 0.7742723822593689, -0.19580446183681488, 0.3119406998157501, 0.8004363775253296, -0.31928762793540955, 0.8666778802871704, 0.7951157689094543, -0.3544279634952545, 0.24840961396694183, 1.1113308668136597, -0.3200879693031311, 1.01386296749115, 0.5650053024291992, -0.8306382894515991, 0.22150447964668274, 1.3809103965759277, -0.5589956045150757, 1.071207046508789, 0.48360684514045715, -0.9421838521957397, 0.18372276425361633, 1.4693540334701538, -0.6250341534614563, 1.0448968410491943, 0.46424201130867004, -0.9627718329429626, 0.22631430625915527, 1.4925014972686768, -0.7036245465278625, 1.0284993648529053, 0.4962366223335266, -0.8750157952308655, 0.24739301204681396, 1.4627068042755127, -0.6095370650291443, 0.5642299056053162, 1.361125111579895, 0.05876427888870239, 0.3571934700012207, 1.3618454933166504, -0.05079678073525429, 0.5681048035621643, 1.819967269897461, 0.0357135571539402, 0.36496827006340027, 1.8198907375335693, 0.013723022304475307, 0.5591935515403748, 2.2130589485168457, 0.5853691101074219, 0.36241549253463745, 2.2212748527526855, 0.3229384422302246, 0.5611222982406616, 2.2777748107910156, 0.6380943059921265, 0.35759931802749634, 2.288306951522827, 0.34716182947158813, 0.5409629940986633, 2.3395328521728516, 0.3893640637397766, 0.39451655745506287, 2.344773054122925, 0.046986185014247894], "left_hand": [0.0, 0.0, 0.0, 0.0, 0.0, 0.0, 0.0, 0.0, 0.0, 0.0, 0.0, 0.0, 0.0, 0.0, 0.0, 0.0, 0.0, 0.0, 0.0, 0.0, 0.0, 0.0, 0.0, 0.0, 0.0, 0.0, 0.0, 0.0, 0.0, 0.0, 0.0, 0.0, 0.0, 0.0, 0.0, 0.0, 0.0, 0.0, 0.0, 0.0, 0.0, 0.0, 0.0, 0.0, 0.0, 0.0, 0.0, 0.0, 0.0, 0.0, 0.0, 0.0, 0.0, 0.0, 0.0, 0.0, 0.0, 0.0, 0.0, 0.0, 0.0, 0.0, 0.0], "right_hand": [0.0, 0.0, 0.0, 0.0, 0.0, 0.0, 0.0, 0.0, 0.0, 0.0, 0.0, 0.0, 0.0, 0.0, 0.0, 0.0, 0.0, 0.0, 0.0, 0.0, 0.0, 0.0, 0.0, 0.0, 0.0, 0.0, 0.0, 0.0, 0.0, 0.0, 0.0, 0.0, 0.0, 0.0, 0.0, 0.0, 0.0, 0.0, 0.0, 0.0, 0.0, 0.0, 0.0, 0.0, 0.0, 0.0, 0.0, 0.0, 0.0, 0.0, 0.0, 0.0, 0.0, 0.0, 0.0, 0.0, 0.0, 0.0, 0.0, 0.0, 0.0, 0.0, 0.0]}