{"body_pose": [0.45589762926101685, 0.5680784583091736, -0.7664434313774109, 0.47109344601631165, 0.5273374319076538, -0.7049968838691711, 0.48206236958503723, 0.526868999004364, -0.7042055130004883, 0.49155622720718384, 0.5266883969306946, -0.703408420085907, 0.43432313203811646, 0.5322477221488953, -0.719875693321228, 0.4218316972255707, 0.5345025658607483, -0.720174252986908, 0.4103453457355499, 0.5369545221328735, -0.7199372053146362, 0.502410352230072, 0.5498196482658386, -0.37996241450309753, 0.39862707257270813, 0.5603891611099243, -0.43069693446159363, 0.48096439242362976, 0.6023139357566833, -0.6484792828559875, 0.4360172748565674, 0.6079199314117432, -0.6653552651405334, 0.6120256781578064, 0.7745916843414307, -0.17436683177947998, 0.31201547384262085, 0.8005248308181763, -0.3181250989437103, 0.8653047680854797, 0.7953398823738098, -0.35173240303993225, 0.2508305013179779, 1.112280011177063, -0.3163742423057556, 1.0116558074951172, 0.5668694972991943, -0.8390015363693237, 0.22279177606105804, 1.3831199407577515, -0.5505815148353577, 1.0608280897140503, 0.4852828085422516, -0.9521870613098145, 0.1856137365102768, 1.4717949628829956, -0.6174840927124023, 1.0453524589538574, 0.4663698375225067, -0.9694207906723022, 0.2280462682247162, 1.4948890209197998, -0.7021211981773376, 1.0285340547561646, 0.4969088137149811, -0.8825507760047913, 0.2489592581987381, 1.4648205041885376, -0.6048035025596619, 0.5646113157272339, 1.36257803440094, 0.06034967675805092, 0.3571755290031433, 1.363041877746582, -0.05226019024848938, 0.5683055520057678, 1.8207995891571045, 0.03087959997355938, 0.3651316165924072, 1.8197582960128784, 0.002627449808642268, 0.5598997473716736, 2.2151553630828857, 0.5798352360725403, 0.36424797773361206, 2.221583843231201, 0.3183284103870392, 0.5623582005500793, 2.2800087928771973, 0.633664071559906, 0.3601786494255066, 2.2888121604919434, 0.3423641324043274, 0.5412272810935974, 2.3398308753967285, 0.387226402759552, 0.3956263065338135, 2.344663381576538, 0.04378218576312065], "left_hand": [0.0, 0.0, 0.0, 0.0, 0.0, 0.0, 0.0, 0.0, 0.0, 0.0, 0.0, 0.0, 0.0, 0.0, 0.0, 0.0, 0.0, 0.0, 0.0, 0.0, 0.0, 0.0, 0.0, 0.0, 0.0, 0.0, 0.0, 0.0, 0.0, 0.0, 0.0, 0.0, 0.0, 0.0, 0.0, 0.0, 0.0, 0.0, 0.0, 0.0, 0.0, 0.0, 0.0, 0.0, 0.0, 0.0, 0.0, 0.0, 0.0, 0.0, 0.0, 0.0, 0.0, 0.0, 0.0, 0.0, 0.0, 0.0, 0.0, 0.0, 0.0, 0.0, 0.0], "right_hand": [0.0, 0.0, 0.0, 0.0, 0.0, 0.0, 0.0, 0.0, 0.0, 0.0, 0.0, 0.0, 0.0, 0.0, 0.0, 0.0, 0.0, 0.0, 0.0, 0.0, 0.0, 0.0, 0.0, 0.0, 0.0, 0.0, 0.0, 0.0, 0.0, 0.0, 0.0, 0.0, 0.0, 0.0, 0.0, 0.0, 0.0, 0.0, 0.0, 0.0, 0.0, 0.0, 0.0, 0.0, 0.0, 0.0, 0.0, 0.0, 0.0, 0.0, 0.0, 0.0, 0.0, 0.0, 0.0, 0.0, 0.0, 0.0, 0.0, 0.0, 0.0, 0.0, 0.0]}