{"body_pose": [0.4549631178379059, 0.568981409072876, -0.765792727470398, 0.4705663025379181, 0.5279329419136047, -0.7048444747924805, 0.48162755370140076, 0.5273584723472595, -0.704055905342102, 0.4911794066429138, 0.5270982384681702, -0.7032663226127625, 0.433595210313797, 0.5330303907394409, -0.7200830578804016, 0.4211459755897522, 0.5352584719657898, -0.7203877568244934, 0.4097590446472168, 0.5376885533332825, -0.7201638221740723, 0.5021847486495972, 0.5501528382301331, -0.3800969123840332, 0.3983963131904602, 0.5608300566673279, -0.43386510014533997, 0.48044487833976746, 0.6032226085662842, -0.64793461561203, 0.43522849678993225, 0.6088467836380005, -0.6652451753616333, 0.6119502186775208, 0.7745912075042725, -0.17825844883918762, 0.3123193383216858, 0.8004525899887085, -0.323939710855484, 0.8649635910987854, 0.797247052192688, -0.35626712441444397, 0.25248727202415466, 1.0748406648635864, -0.3195309638977051, 1.0085179805755615, 0.5710095763206482, -0.8396207094192505, 0.223382830619812, 1.386908769607544, -0.5466545224189758, 1.05465567111969, 0.4891643226146698, -0.9531447291374207, 0.18706707656383514, 1.476891279220581, -0.6131113767623901, 1.0410473346710205, 0.4699978232383728, -0.9706401228904724, 0.22970600426197052, 1.5003143548965454, -0.7006494402885437, 1.0243891477584839, 0.5012815594673157, -0.883382260799408, 0.25021639466285706, 1.4697093963623047, -0.6023545861244202, 0.5649825930595398, 1.3625694513320923, 0.06377134472131729, 0.3572809398174286, 1.362999439239502, -0.05578990653157234, 0.5674516558647156, 1.8198286294937134, 0.027808034792542458, 0.3645499646663666, 1.8196520805358887, -0.004029660485684872, 0.5576466917991638, 2.2141051292419434, 0.5786589980125427, 0.3620559275150299, 2.2217421531677246, 0.31225350499153137, 0.5593788027763367, 2.2793233394622803, 0.6333948969841003, 0.3573242127895355, 2.288975238800049, 0.33627110719680786, 0.5402289628982544, 2.3377840518951416, 0.39193058013916016, 0.3944935202598572, 2.344762086868286, 0.036525048315525055], "left_hand": [0.0, 0.0, 0.0, 0.0, 0.0, 0.0, 0.0, 0.0, 0.0, 0.0, 0.0, 0.0, 0.0, 0.0, 0.0, 0.0, 0.0, 0.0, 0.0, 0.0, 0.0, 0.0, 0.0, 0.0, 0.0, 0.0, 0.0, 0.0, 0.0, 0.0, 0.0, 0.0, 0.0, 0.0, 0.0, 0.0, 0.0, 0.0, 0.0, 0.0, 0.0, 0.0, 0.0, 0.0, 0.0, 0.0, 0.0, 0.0, 0.0, 0.0, 0.0, 0.0, 0.0, 0.0, 0.0, 0.0, 0.0, 0.0, 0.0, 0.0, 0.0, 0.0, 0.0], "right_hand": [0.0, 0.0, 0.0, 0.0, 0.0, 0.0, 0.0, 0.0, 0.0, 0.0, 0.0, 0.0, 0.0, 0.0, 0.0, 0.0, 0.0, 0.0, 0.0, 0.0, 0.0, 0.0, 0.0, 0.0, 0.0, 0.0, 0.0, 0.0, 0.0, 0.0, 0.0, 0.0, 0.0, 0.0, 0.0, 0.0, 0.0, 0.0, 0.0, 0.0, 0.0, 0.0, 0.0, 0.0, 0.0, 0.0, 0.0, 0.0, 0.0, 0.0, 0.0, 0.0, 0.0, 0.0, 0.0, 0.0, 0.0, 0.0, 0.0, 0.0, 0.0, 0.0, 0.0]}