{"body_pose": [0.45436611771583557, 0.5700441002845764, -0.7409133315086365, 0.470243364572525, 0.5286110639572144, -0.6795065999031067, 0.48135361075401306, 0.5278763771057129, -0.6787742972373962, 0.490915447473526, 0.5274909734725952, -0.6780081391334534, 0.43314462900161743, 0.5340568423271179, -0.6947701573371887, 0.42076167464256287, 0.5362352132797241, -0.6950470805168152, 0.40946537256240845, 0.53861403465271, -0.6948406100273132, 0.5019490122795105, 0.5503306984901428, -0.35529300570487976, 0.39830729365348816, 0.5612972974777222, -0.4102897644042969, 0.4800384044647217, 0.6040062308311462, -0.6235153079032898, 0.43472737073898315, 0.6098676919937134, -0.641183078289032, 0.6119511723518372, 0.774738073348999, -0.1606525480747223, 0.3127148747444153, 0.8004045486450195, -0.3088156282901764, 0.8646425008773804, 0.7986705303192139, -0.33228281140327454, 0.25679418444633484, 1.0814367532730103, -0.3111904561519623, 1.0078507661819458, 0.5750823020935059, -0.8067891001701355, 0.23993147909641266, 1.3862005472183228, -0.5415617227554321, 1.0549882650375366, 0.4936867952346802, -0.9168171882629395, 0.2065741866827011, 1.4760082960128784, -0.6075324416160583, 1.042373776435852, 0.474655419588089, -0.937078058719635, 0.24888376891613007, 1.499130129814148, -0.6949142217636108, 1.0252994298934937, 0.506107747554779, -0.8511935472488403, 0.2678287923336029, 1.4686613082885742, -0.5975770950317383, 0.5652464032173157, 1.3624320030212402, 0.06428415328264236, 0.35736969113349915, 1.3627476692199707, -0.056303590536117554, 0.5675036311149597, 1.8193211555480957, 0.021904248744249344, 0.3654983639717102, 1.8193001747131348, -0.012374142184853554, 0.5588066577911377, 2.2134997844696045, 0.5587461590766907, 0.3646831512451172, 2.22212553024292, 0.2900005877017975, 0.560735285282135, 2.2784361839294434, 0.6118475794792175, 0.36078256368637085, 2.2896409034729004, 0.3123242259025574, 0.5414308905601501, 2.3371896743774414, 0.36758774518966675, 0.39583805203437805, 2.3447961807250977, 0.009176364168524742], "left_hand": [0.0, 0.0, 0.0, 0.0, 0.0, 0.0, 0.0, 0.0, 0.0, 0.0, 0.0, 0.0, 0.0, 0.0, 0.0, 0.0, 0.0, 0.0, 0.0, 0.0, 0.0, 0.0, 0.0, 0.0, 0.0, 0.0, 0.0, 0.0, 0.0, 0.0, 0.0, 0.0, 0.0, 0.0, 0.0, 0.0, 0.0, 0.0, 0.0, 0.0, 0.0, 0.0, 0.0, 0.0, 0.0, 0.0, 0.0, 0.0, 0.0, 0.0, 0.0, 0.0, 0.0, 0.0, 0.0, 0.0, 0.0, 0.0, 0.0, 0.0, 0.0, 0.0, 0.0], "right_hand": [0.0, 0.0, 0.0, 0.0, 0.0, 0.0, 0.0, 0.0, 0.0, 0.0, 0.0, 0.0, 0.0, 0.0, 0.0, 0.0, 0.0, 0.0, 0.0, 0.0, 0.0, 0.0, 0.0, 0.0, 0.0, 0.0, 0.0, 0.0, 0.0, 0.0, 0.0, 0.0, 0.0, 0.0, 0.0, 0.0, 0.0, 0.0, 0.0, 0.0, 0.0, 0.0, 0.0, 0.0, 0.0, 0.0, 0.0, 0.0, 0.0, 0.0, 0.0, 0.0, 0.0, 0.0, 0.0, 0.0, 0.0, 0.0, 0.0, 0.0, 0.0, 0.0, 0.0]}