{"body_pose": [0.45392513275146484, 0.5704115033149719, -0.7246514558792114, 0.4699620306491852, 0.5289679765701294, -0.6624459624290466, 0.4811374545097351, 0.5281813740730286, -0.6617436408996582, 0.49075016379356384, 0.5277371406555176, -0.6610217094421387, 0.4328121840953827, 0.5344476699829102, -0.6777852177619934, 0.42048200964927673, 0.5365800857543945, -0.6780633330345154, 0.4092359244823456, 0.5389190912246704, -0.677851676940918, 0.5018450617790222, 0.5504685640335083, -0.3346845805644989, 0.3982268273830414, 0.56148362159729, -0.39082154631614685, 0.4797840416431427, 0.6044102907180786, -0.6056994199752808, 0.43443384766578674, 0.6102007031440735, -0.6237295866012573, 0.6119962930679321, 0.7748796939849854, -0.1427588015794754, 0.31316787004470825, 0.8004502058029175, -0.2881815731525421, 0.8641541600227356, 0.7985843420028687, -0.31795424222946167, 0.25948652625083923, 1.0911234617233276, -0.30104705691337585, 1.0068507194519043, 0.5762397050857544, -0.7988855242729187, 0.24448871612548828, 1.3853120803833008, -0.5396281480789185, 1.053869366645813, 0.4931267201900482, -0.9111101031303406, 0.21134109795093536, 1.4752346277236938, -0.6064988970756531, 1.0417410135269165, 0.4740334451198578, -0.9313371777534485, 0.2529216408729553, 1.4985071420669556, -0.6932965517044067, 1.0251803398132324, 0.505219578742981, -0.843539297580719, 0.2720078229904175, 1.467816710472107, -0.5954857468605042, 0.5671145915985107, 1.3629565238952637, 0.06435737758874893, 0.35746997594833374, 1.363097906112671, -0.056358642876148224, 0.5701829791069031, 1.8192495107650757, 0.02089647762477398, 0.3676592707633972, 1.8180922269821167, -0.014104514382779598, 0.5648423433303833, 2.2136425971984863, 0.5665128231048584, 0.3708092272281647, 2.221864700317383, 0.2975769340991974, 0.5675240755081177, 2.278369426727295, 0.6218023300170898, 0.36789682507514954, 2.289401054382324, 0.32155275344848633, 0.5469911098480225, 2.337085008621216, 0.37697523832321167, 0.40229731798171997, 2.3442223072052, 0.014733905903995037], "left_hand": [0.0, 0.0, 0.0, 0.0, 0.0, 0.0, 0.0, 0.0, 0.0, 0.0, 0.0, 0.0, 0.0, 0.0, 0.0, 0.0, 0.0, 0.0, 0.0, 0.0, 0.0, 0.0, 0.0, 0.0, 0.0, 0.0, 0.0, 0.0, 0.0, 0.0, 0.0, 0.0, 0.0, 0.0, 0.0, 0.0, 0.0, 0.0, 0.0, 0.0, 0.0, 0.0, 0.0, 0.0, 0.0, 0.0, 0.0, 0.0, 0.0, 0.0, 0.0, 0.0, 0.0, 0.0, 0.0, 0.0, 0.0, 0.0, 0.0, 0.0, 0.0, 0.0, 0.0], "right_hand": [0.0, 0.0, 0.0, 0.0, 0.0, 0.0, 0.0, 0.0, 0.0, 0.0, 0.0, 0.0, 0.0, 0.0, 0.0, 0.0, 0.0, 0.0, 0.0, 0.0, 0.0, 0.0, 0.0, 0.0, 0.0, 0.0, 0.0, 0.0, 0.0, 0.0, 0.0, 0.0, 0.0, 0.0, 0.0, 0.0, 0.0, 0.0, 0.0, 0.0, 0.0, 0.0, 0.0, 0.0, 0.0, 0.0, 0.0, 0.0, 0.0, 0.0, 0.0, 0.0, 0.0, 0.0, 0.0, 0.0, 0.0, 0.0, 0.0, 0.0, 0.0, 0.0, 0.0]}