{"body_pose": [0.45393386483192444, 0.5708332657814026, -0.7253026366233826, 0.46997615694999695, 0.5292821526527405, -0.6636901497840881, 0.4811480939388275, 0.5284510850906372, -0.6629800200462341, 0.4907572567462921, 0.5279557704925537, -0.6621798872947693, 0.432832270860672, 0.5348826050758362, -0.6783578991889954, 0.42050203680992126, 0.5370356440544128, -0.6786256432533264, 0.40925002098083496, 0.5394082069396973, -0.6783613562583923, 0.5018508434295654, 0.550568699836731, -0.33906644582748413, 0.39821943640708923, 0.5619059801101685, -0.39454370737075806, 0.4797789752483368, 0.6047161221504211, -0.607563853263855, 0.4344443678855896, 0.610698401927948, -0.6241462826728821, 0.6120773553848267, 0.7751571536064148, -0.15198935568332672, 0.3132705092430115, 0.8005220890045166, -0.29833361506462097, 0.8639628291130066, 0.7988656163215637, -0.3377554714679718, 0.25989383459091187, 1.098421335220337, -0.31160762906074524, 1.0070536136627197, 0.5762722492218018, -0.8167590498924255, 0.2440396100282669, 1.3857446908950806, -0.5418845415115356, 1.0534590482711792, 0.49245449900627136, -0.9298524856567383, 0.21110020577907562, 1.475620985031128, -0.6091715693473816, 1.0407809019088745, 0.47318339347839355, -0.9450756907463074, 0.2527468800544739, 1.49875009059906, -0.6956406235694885, 1.0245815515518188, 0.5045343041419983, -0.8592786192893982, 0.27170130610466003, 1.468069076538086, -0.597880482673645, 0.5676599144935608, 1.363283395767212, 0.06597478687763214, 0.3574075400829315, 1.3631168603897095, -0.05800855532288551, 0.5686629414558411, 1.8192298412322998, 0.027513518929481506, 0.3668304979801178, 1.8182809352874756, -0.013477436266839504, 0.5609164834022522, 2.2131991386413574, 0.5813365578651428, 0.3679865896701813, 2.222303867340088, 0.30489128828048706, 0.5626783967018127, 2.277642011642456, 0.6373542547225952, 0.3646028935909271, 2.2899107933044434, 0.32962241768836975, 0.5442389249801636, 2.3373258113861084, 0.39670535922050476, 0.3992074131965637, 2.344846725463867, 0.023086052387952805], "left_hand": [0.0, 0.0, 0.0, 0.0, 0.0, 0.0, 0.0, 0.0, 0.0, 0.0, 0.0, 0.0, 0.0, 0.0, 0.0, 0.0, 0.0, 0.0, 0.0, 0.0, 0.0, 0.0, 0.0, 0.0, 0.0, 0.0, 0.0, 0.0, 0.0, 0.0, 0.0, 0.0, 0.0, 0.0, 0.0, 0.0, 0.0, 0.0, 0.0, 0.0, 0.0, 0.0, 0.0, 0.0, 0.0, 0.0, 0.0, 0.0, 0.0, 0.0, 0.0, 0.0, 0.0, 0.0, 0.0, 0.0, 0.0, 0.0, 0.0, 0.0, 0.0, 0.0, 0.0], "right_hand": [0.0, 0.0, 0.0, 0.0, 0.0, 0.0, 0.0, 0.0, 0.0, 0.0, 0.0, 0.0, 0.0, 0.0, 0.0, 0.0, 0.0, 0.0, 0.0, 0.0, 0.0, 0.0, 0.0, 0.0, 0.0, 0.0, 0.0, 0.0, 0.0, 0.0, 0.0, 0.0, 0.0, 0.0, 0.0, 0.0, 0.0, 0.0, 0.0, 0.0, 0.0, 0.0, 0.0, 0.0, 0.0, 0.0, 0.0, 0.0, 0.0, 0.0, 0.0, 0.0, 0.0, 0.0, 0.0, 0.0, 0.0, 0.0, 0.0, 0.0, 0.0, 0.0, 0.0]}