{"body_pose": [0.4539432227611542, 0.5708309412002563, -0.7171359658241272, 0.469970703125, 0.529284656047821, -0.6552405953407288, 0.4811391532421112, 0.528455376625061, -0.6544703841209412, 0.4907468855381012, 0.5279628038406372, -0.6536644101142883, 0.4328327178955078, 0.5348831415176392, -0.6709536910057068, 0.4204865097999573, 0.5370437502861023, -0.6712395548820496, 0.4092089831829071, 0.5394295454025269, -0.6710088849067688, 0.5017978549003601, 0.5505722165107727, -0.3311178386211395, 0.3981735110282898, 0.5619934797286987, -0.3894249498844147, 0.4797669053077698, 0.6047248840332031, -0.5998466610908508, 0.4344370663166046, 0.6107655167579651, -0.6180025339126587, 0.6120721101760864, 0.77608323097229, -0.14649055898189545, 0.31331756711006165, 0.8005351424217224, -0.2938568592071533, 0.8638544082641602, 0.7988646626472473, -0.3334985673427582, 0.2598061263561249, 1.1026113033294678, -0.3112705647945404, 1.0067942142486572, 0.5782260894775391, -0.8166435956954956, 0.2436639964580536, 1.3886722326278687, -0.5408265590667725, 1.0526093244552612, 0.49486786127090454, -0.929743230342865, 0.2104862779378891, 1.4800366163253784, -0.6080475449562073, 1.0395936965942383, 0.475170761346817, -0.9437296986579895, 0.25233739614486694, 1.5034887790679932, -0.6943974494934082, 1.0235013961791992, 0.5066835880279541, -0.859010636806488, 0.27146217226982117, 1.4721759557724, -0.5966562628746033, 0.5679087042808533, 1.3633447885513306, 0.06806416809558868, 0.35742664337158203, 1.3631541728973389, -0.06012257561087608, 0.5690242648124695, 1.8189563751220703, 0.02597980573773384, 0.36684325337409973, 1.8185995817184448, -0.015165209770202637, 0.5616301894187927, 2.210524797439575, 0.5810800194740295, 0.3678908348083496, 2.223254919052124, 0.28306642174720764, 0.5633904933929443, 2.2746551036834717, 0.6368679404258728, 0.3643009662628174, 2.2911202907562256, 0.305629700422287, 0.5454841256141663, 2.333517074584961, 0.3947472870349884, 0.3994217813014984, 2.3452327251434326, 0.005625491496175528], "left_hand": [0.0, 0.0, 0.0, 0.0, 0.0, 0.0, 0.0, 0.0, 0.0, 0.0, 0.0, 0.0, 0.0, 0.0, 0.0, 0.0, 0.0, 0.0, 0.0, 0.0, 0.0, 0.0, 0.0, 0.0, 0.0, 0.0, 0.0, 0.0, 0.0, 0.0, 0.0, 0.0, 0.0, 0.0, 0.0, 0.0, 0.0, 0.0, 0.0, 0.0, 0.0, 0.0, 0.0, 0.0, 0.0, 0.0, 0.0, 0.0, 0.0, 0.0, 0.0, 0.0, 0.0, 0.0, 0.0, 0.0, 0.0, 0.0, 0.0, 0.0, 0.0, 0.0, 0.0], "right_hand": [0.0, 0.0, 0.0, 0.0, 0.0, 0.0, 0.0, 0.0, 0.0, 0.0, 0.0, 0.0, 0.0, 0.0, 0.0, 0.0, 0.0, 0.0, 0.0, 0.0, 0.0, 0.0, 0.0, 0.0, 0.0, 0.0, 0.0, 0.0, 0.0, 0.0, 0.0, 0.0, 0.0, 0.0, 0.0, 0.0, 0.0, 0.0, 0.0, 0.0, 0.0, 0.0, 0.0, 0.0, 0.0, 0.0, 0.0, 0.0, 0.0, 0.0, 0.0, 0.0, 0.0, 0.0, 0.0, 0.0, 0.0, 0.0, 0.0, 0.0, 0.0, 0.0, 0.0]}