{"body_pose": [0.45395150780677795, 0.5706322193145752, -0.715521514415741, 0.469998836517334, 0.5291897058486938, -0.6535805463790894, 0.48116227984428406, 0.5284123420715332, -0.652788519859314, 0.4907655417919159, 0.5279451012611389, -0.6519788503646851, 0.4328663647174835, 0.5346353650093079, -0.6693254113197327, 0.42051687836647034, 0.5367883443832397, -0.6696219444274902, 0.40923023223876953, 0.5391461849212646, -0.6693946719169617, 0.501796305179596, 0.5505732297897339, -0.3304871916770935, 0.3982302248477936, 0.5618945360183716, -0.3882991373538971, 0.47974517941474915, 0.6046770215034485, -0.5989099144935608, 0.43440917134284973, 0.6107129454612732, -0.6171858906745911, 0.6120895743370056, 0.7775318622589111, -0.1475786715745926, 0.31330910325050354, 0.8007654547691345, -0.2933376729488373, 0.8639130592346191, 0.7992430925369263, -0.3373515009880066, 0.2597622573375702, 1.107783317565918, -0.3106273114681244, 1.0091012716293335, 0.5755592584609985, -0.8181794285774231, 0.24345815181732178, 1.3900656700134277, -0.5405313372612, 1.0554429292678833, 0.49230384826660156, -0.931466281414032, 0.2103196531534195, 1.4811816215515137, -0.6077874898910522, 1.0421959161758423, 0.47292962670326233, -0.9438920021057129, 0.252096027135849, 1.504593014717102, -0.6931573748588562, 1.0261521339416504, 0.5045956969261169, -0.8601493239402771, 0.27118414640426636, 1.4734923839569092, -0.5963631868362427, 0.5683413743972778, 1.365000605583191, 0.07006733119487762, 0.3568724989891052, 1.363942265510559, -0.0621417798101902, 0.568085789680481, 1.8203266859054565, 0.030002016574144363, 0.36518383026123047, 1.819892406463623, -0.014396412298083305, 0.5593166947364807, 2.2105562686920166, 0.5850079655647278, 0.3638632297515869, 2.2249155044555664, 0.28430718183517456, 0.5606240034103394, 2.274441719055176, 0.6412762999534607, 0.3591415584087372, 2.292835235595703, 0.3070526421070099, 0.543878436088562, 2.334115505218506, 0.4068966805934906, 0.39661210775375366, 2.3470726013183594, 0.006176718045026064], "left_hand": [0.0, 0.0, 0.0, 0.0, 0.0, 0.0, 0.0, 0.0, 0.0, 0.0, 0.0, 0.0, 0.0, 0.0, 0.0, 0.0, 0.0, 0.0, 0.0, 0.0, 0.0, 0.0, 0.0, 0.0, 0.0, 0.0, 0.0, 0.0, 0.0, 0.0, 0.0, 0.0, 0.0, 0.0, 0.0, 0.0, 0.0, 0.0, 0.0, 0.0, 0.0, 0.0, 0.0, 0.0, 0.0, 0.0, 0.0, 0.0, 0.0, 0.0, 0.0, 0.0, 0.0, 0.0, 0.0, 0.0, 0.0, 0.0, 0.0, 0.0, 0.0, 0.0, 0.0], "right_hand": [0.0, 0.0, 0.0, 0.0, 0.0, 0.0, 0.0, 0.0, 0.0, 0.0, 0.0, 0.0, 0.0, 0.0, 0.0, 0.0, 0.0, 0.0, 0.0, 0.0, 0.0, 0.0, 0.0, 0.0, 0.0, 0.0, 0.0, 0.0, 0.0, 0.0, 0.0, 0.0, 0.0, 0.0, 0.0, 0.0, 0.0, 0.0, 0.0, 0.0, 0.0, 0.0, 0.0, 0.0, 0.0, 0.0, 0.0, 0.0, 0.0, 0.0, 0.0, 0.0, 0.0, 0.0, 0.0, 0.0, 0.0, 0.0, 0.0, 0.0, 0.0, 0.0, 0.0]}