{"body_pose": [0.4539988040924072, 0.5701181888580322, -0.7175942659378052, 0.4700371325016022, 0.5289344191551208, -0.6564481854438782, 0.48119214177131653, 0.5282819271087646, -0.6556731462478638, 0.49078819155693054, 0.5278867483139038, -0.6548909544944763, 0.43288087844848633, 0.5340787768363953, -0.671869695186615, 0.42051810026168823, 0.5362595319747925, -0.6721707582473755, 0.409189909696579, 0.5386402606964111, -0.6719460487365723, 0.5018056631088257, 0.5505720973014832, -0.33322960138320923, 0.3981131613254547, 0.5617937445640564, -0.3894349932670593, 0.4797442853450775, 0.60443115234375, -0.5999889969825745, 0.4343718886375427, 0.6105314493179321, -0.6177321672439575, 0.6120572090148926, 0.7780807614326477, -0.15215763449668884, 0.31296202540397644, 0.8009335994720459, -0.29573383927345276, 0.8639687895774841, 0.8001849055290222, -0.3459957242012024, 0.2597343325614929, 1.1107275485992432, -0.3153536915779114, 1.0069979429244995, 0.5747177004814148, -0.8209326863288879, 0.2418888658285141, 1.3909598588943481, -0.5426968932151794, 1.0530370473861694, 0.4906406104564667, -0.9320791363716125, 0.20684406161308289, 1.481795072555542, -0.6088734269142151, 1.0399247407913208, 0.47143927216529846, -0.9449368119239807, 0.2493443340063095, 1.5055903196334839, -0.6941278576850891, 1.023944616317749, 0.5032151341438293, -0.8641024827957153, 0.2690620720386505, 1.474409818649292, -0.5990476012229919, 0.5686630010604858, 1.3651318550109863, 0.07041241228580475, 0.35645756125450134, 1.363943099975586, -0.06248445436358452, 0.5681332945823669, 1.8207701444625854, 0.02923087775707245, 0.3651933968067169, 1.8215006589889526, -0.010121054016053677, 0.5593581795692444, 2.2104153633117676, 0.5758865475654602, 0.3639245331287384, 2.2253286838531494, 0.28190234303474426, 0.5606673955917358, 2.274225950241089, 0.6302874684333801, 0.3591018319129944, 2.2931463718414307, 0.3039660155773163, 0.5440253615379333, 2.334082841873169, 0.39748725295066833, 0.3967602252960205, 2.3472375869750977, 0.005673505831509829], "left_hand": [0.0, 0.0, 0.0, 0.0, 0.0, 0.0, 0.0, 0.0, 0.0, 0.0, 0.0, 0.0, 0.0, 0.0, 0.0, 0.0, 0.0, 0.0, 0.0, 0.0, 0.0, 0.0, 0.0, 0.0, 0.0, 0.0, 0.0, 0.0, 0.0, 0.0, 0.0, 0.0, 0.0, 0.0, 0.0, 0.0, 0.0, 0.0, 0.0, 0.0, 0.0, 0.0, 0.0, 0.0, 0.0, 0.0, 0.0, 0.0, 0.0, 0.0, 0.0, 0.0, 0.0, 0.0, 0.0, 0.0, 0.0, 0.0, 0.0, 0.0, 0.0, 0.0, 0.0], "right_hand": [0.0, 0.0, 0.0, 0.0, 0.0, 0.0, 0.0, 0.0, 0.0, 0.0, 0.0, 0.0, 0.0, 0.0, 0.0, 0.0, 0.0, 0.0, 0.0, 0.0, 0.0, 0.0, 0.0, 0.0, 0.0, 0.0, 0.0, 0.0, 0.0, 0.0, 0.0, 0.0, 0.0, 0.0, 0.0, 0.0, 0.0, 0.0, 0.0, 0.0, 0.0, 0.0, 0.0, 0.0, 0.0, 0.0, 0.0, 0.0, 0.0, 0.0, 0.0, 0.0, 0.0, 0.0, 0.0, 0.0, 0.0, 0.0, 0.0, 0.0, 0.0, 0.0, 0.0]}