{"body_pose": [0.45394110679626465, 0.5701526403427124, -0.7197960019111633, 0.46998170018196106, 0.52902752161026, -0.6585197448730469, 0.4811512529850006, 0.5283907055854797, -0.6577343344688416, 0.4907597601413727, 0.5280057787895203, -0.656931459903717, 0.4327497184276581, 0.5341492295265198, -0.673799455165863, 0.4203531742095947, 0.5363258123397827, -0.6741042733192444, 0.40900954604148865, 0.538709282875061, -0.6738872528076172, 0.5017762780189514, 0.5506801605224609, -0.33601054549217224, 0.3979606032371521, 0.5619645714759827, -0.3915218710899353, 0.47968193888664246, 0.6044816970825195, -0.6026964783668518, 0.4342562258243561, 0.6106052994728088, -0.620343804359436, 0.6120668649673462, 0.7783524394035339, -0.15521004796028137, 0.3129470944404602, 0.8009816408157349, -0.29630279541015625, 0.8635353446006775, 0.7992160320281982, -0.3577958047389984, 0.26009055972099304, 1.1126155853271484, -0.3203635513782501, 1.006803035736084, 0.5738539695739746, -0.8297078013420105, 0.2408362627029419, 1.3913642168045044, -0.5501576066017151, 1.054208517074585, 0.48845553398132324, -0.9396339058876038, 0.2042517215013504, 1.4819773435592651, -0.6162657141685486, 1.0416309833526611, 0.47044703364372253, -0.9541354775428772, 0.24658656120300293, 1.5058729648590088, -0.7018265724182129, 1.0252165794372559, 0.5022764205932617, -0.874358594417572, 0.26696228981018066, 1.4747873544692993, -0.6072207689285278, 0.5688871145248413, 1.3652504682540894, 0.07038760930299759, 0.3563792109489441, 1.3639270067214966, -0.0624685101211071, 0.5669967532157898, 1.8217684030532837, 0.01785782165825367, 0.3631935119628906, 1.8219444751739502, -0.014192833565175533, 0.5572907328605652, 2.209581136703491, 0.5644308924674988, 0.3602854311466217, 2.2262823581695557, 0.2714588940143585, 0.5588679909706116, 2.272507429122925, 0.6195374131202698, 0.3550786077976227, 2.2941856384277344, 0.29345086216926575, 0.5401709675788879, 2.332890510559082, 0.38895076513290405, 0.39260831475257874, 2.3477423191070557, -0.0026635280810296535], "left_hand": [0.0, 0.0, 0.0, 0.0, 0.0, 0.0, 0.0, 0.0, 0.0, 0.0, 0.0, 0.0, 0.0, 0.0, 0.0, 0.0, 0.0, 0.0, 0.0, 0.0, 0.0, 0.0, 0.0, 0.0, 0.0, 0.0, 0.0, 0.0, 0.0, 0.0, 0.0, 0.0, 0.0, 0.0, 0.0, 0.0, 0.0, 0.0, 0.0, 0.0, 0.0, 0.0, 0.0, 0.0, 0.0, 0.0, 0.0, 0.0, 0.0, 0.0, 0.0, 0.0, 0.0, 0.0, 0.0, 0.0, 0.0, 0.0, 0.0, 0.0, 0.0, 0.0, 0.0], "right_hand": [0.0, 0.0, 0.0, 0.0, 0.0, 0.0, 0.0, 0.0, 0.0, 0.0, 0.0, 0.0, 0.0, 0.0, 0.0, 0.0, 0.0, 0.0, 0.0, 0.0, 0.0, 0.0, 0.0, 0.0, 0.0, 0.0, 0.0, 0.0, 0.0, 0.0, 0.0, 0.0, 0.0, 0.0, 0.0, 0.0, 0.0, 0.0, 0.0, 0.0, 0.0, 0.0, 0.0, 0.0, 0.0, 0.0, 0.0, 0.0, 0.0, 0.0, 0.0, 0.0, 0.0, 0.0, 0.0, 0.0, 0.0, 0.0, 0.0, 0.0, 0.0, 0.0, 0.0]}