{"body_pose": [0.46607646346092224, 0.5543032288551331, -0.7088097333908081, 0.4795994460582733, 0.5146040320396423, -0.6479293704032898, 0.48867520689964294, 0.514422595500946, -0.6471906304359436, 0.49764183163642883, 0.5144874453544617, -0.646375834941864, 0.4493129551410675, 0.5171551704406738, -0.6699373126029968, 0.43708592653274536, 0.5188958048820496, -0.6703101992607117, 0.4253041744232178, 0.5210177302360535, -0.6702523231506348, 0.5110863447189331, 0.5364405512809753, -0.3267765939235687, 0.4074331820011139, 0.5456683039665222, -0.41236382722854614, 0.48506397008895874, 0.5914317965507507, -0.5896802544593811, 0.4461849331855774, 0.594720184803009, -0.6154414415359497, 0.611428439617157, 0.7544708251953125, -0.19181621074676514, 0.31443095207214355, 0.7990167140960693, -0.2713027000427246, 0.847133219242096, 0.7092337608337402, -0.4566364288330078, 0.2583995461463928, 1.0887700319290161, -0.27624180912971497, 0.6507768034934998, 0.5078848600387573, -0.9228431582450867, 0.2583327293395996, 1.3489692211151123, -0.43385711312294006, 0.6055707335472107, 0.4644670784473419, -1.0650771856307983, 0.2357240617275238, 1.4431906938552856, -0.4999372959136963, 0.5909363031387329, 0.47570398449897766, -0.9816117286682129, 0.2770819664001465, 1.4539891481399536, -0.5674152374267578, 0.5989748239517212, 0.4991723299026489, -0.9183195233345032, 0.28966420888900757, 1.418756127357483, -0.4755065143108368, 0.5807934403419495, 1.3402835130691528, 0.07034652680158615, 0.3733651041984558, 1.3517647981643677, -0.06326404958963394, 0.5846317410469055, 1.8136396408081055, 0.01931500807404518, 0.38021573424339294, 1.8072737455368042, -0.11600419133901596, 0.5804537534713745, 2.173076629638672, 0.6147972345352173, 0.3813214898109436, 2.209167242050171, 0.17216722667217255, 0.5812573432922363, 2.230876922607422, 0.6766782999038696, 0.3738233745098114, 2.276170253753662, 0.19626477360725403, 0.571643054485321, 2.2993013858795166, 0.4356064200401306, 0.42780718207359314, 2.3301174640655518, -0.10950503498315811], "left_hand": [0.6639007329940796, 0.5142730474472046, 1.556487490006475e-07, 0.6375319957733154, 0.5320630669593811, -0.007966319099068642, 0.6032305955886841, 0.5401219129562378, -0.011652428656816483, 0.5776745676994324, 0.5442821383476257, -0.015110715292394161, 0.559208869934082, 0.5522770881652832, -0.018494611606001854, 0.5865033268928528, 0.499883770942688, -0.00557954516261816, 0.556932270526886, 0.49106940627098083, -0.012822961434721947, 0.5413527488708496, 0.48340561985969543, -0.018718037754297256, 0.5296906232833862, 0.47503939270973206, -0.022947000339627266, 0.591597855091095, 0.4776180684566498, -0.008166885934770107, 0.5590998530387878, 0.45909956097602844, -0.014040344394743443, 0.5395896434783936, 0.4461919367313385, -0.019718334078788757, 0.5244523882865906, 0.4347895681858063, -0.024006303399801254, 0.6028009057044983, 0.4603041410446167, -0.012281838804483414, 0.5767948031425476, 0.43396615982055664, -0.020010393112897873, 0.5616449117660522, 0.4169268310070038, -0.025614753365516663, 0.5489020347595215, 0.40300703048706055, -0.02943519689142704, 0.6186962127685547, 0.44721776247024536, -0.017002766951918602, 0.6043975353240967, 0.42045480012893677, -0.023851919919252396, 0.5957637429237366, 0.4025013744831085, -0.02642541192471981, 0.5877740383148193, 0.387495219707489, -0.028102757409214973], "right_hand": [0.0, 0.0, 0.0, 0.0, 0.0, 0.0, 0.0, 0.0, 0.0, 0.0, 0.0, 0.0, 0.0, 0.0, 0.0, 0.0, 0.0, 0.0, 0.0, 0.0, 0.0, 0.0, 0.0, 0.0, 0.0, 0.0, 0.0, 0.0, 0.0, 0.0, 0.0, 0.0, 0.0, 0.0, 0.0, 0.0, 0.0, 0.0, 0.0, 0.0, 0.0, 0.0, 0.0, 0.0, 0.0, 0.0, 0.0, 0.0, 0.0, 0.0, 0.0, 0.0, 0.0, 0.0, 0.0, 0.0, 0.0, 0.0, 0.0, 0.0, 0.0, 0.0, 0.0]}