{"body_pose": [0.46598783135414124, 0.5546277165412903, -0.6891342997550964, 0.47952818870544434, 0.5148413181304932, -0.6282684206962585, 0.48859453201293945, 0.5146350264549255, -0.6275104880332947, 0.4975300431251526, 0.514668345451355, -0.6266800761222839, 0.4492458403110504, 0.5174213647842407, -0.6482014656066895, 0.4369977116584778, 0.5191729664802551, -0.6485873460769653, 0.42520761489868164, 0.5212962031364441, -0.6485078930854797, 0.5109694600105286, 0.5365232825279236, -0.31144070625305176, 0.4073474109172821, 0.5461926460266113, -0.38730716705322266, 0.48501381278038025, 0.5915758609771729, -0.5725614428520203, 0.44615134596824646, 0.594968855381012, -0.5959485769271851, 0.6111189723014832, 0.7544608116149902, -0.18584398925304413, 0.3146154284477234, 0.7986854314804077, -0.24987639486789703, 0.8471465706825256, 0.7092984914779663, -0.4557971954345703, 0.258771687746048, 1.0864354372024536, -0.25052741169929504, 0.6509154438972473, 0.5084996223449707, -0.92496258020401, 0.25923144817352295, 1.3489131927490234, -0.4111368656158447, 0.6062535047531128, 0.4653196930885315, -1.0671916007995605, 0.23632954061031342, 1.4433155059814453, -0.4754005968570709, 0.5913556814193726, 0.47641804814338684, -0.9829064011573792, 0.2789117395877838, 1.4543933868408203, -0.5424526929855347, 0.5993027687072754, 0.4998018145561218, -0.9201049208641052, 0.2916395962238312, 1.4191261529922485, -0.4530121684074402, 0.581834614276886, 1.3400824069976807, 0.0673600360751152, 0.3734150528907776, 1.3505160808563232, -0.06030925735831261, 0.5850778222084045, 1.8131881952285767, -0.006906681694090366, 0.3811509609222412, 1.8069814443588257, -0.08622504770755768, 0.5812409520149231, 2.170337677001953, 0.5563293695449829, 0.3831377327442169, 2.208885908126831, 0.17996476590633392, 0.5821768641471863, 2.227675676345825, 0.6152623295783997, 0.3759799599647522, 2.2758216857910156, 0.1997499167919159, 0.571561872959137, 2.297013282775879, 0.37197476625442505, 0.4286564290523529, 2.328359603881836, -0.09154675900936127], "left_hand": [0.6635378003120422, 0.5153093338012695, 1.6721229201266397e-07, 0.6371307969093323, 0.532697319984436, -0.008132558315992355, 0.6030902862548828, 0.5406639575958252, -0.011832868680357933, 0.5777091979980469, 0.5445969104766846, -0.015216055326163769, 0.5593635439872742, 0.552598774433136, -0.018527699634432793, 0.5858815312385559, 0.5003243684768677, -0.006184385623782873, 0.5555599927902222, 0.4902057647705078, -0.013284336775541306, 0.5394484400749207, 0.48176249861717224, -0.018878018483519554, 0.5273287892341614, 0.47293683886528015, -0.022895749658346176, 0.5915113091468811, 0.4780937433242798, -0.008612727746367455, 0.5587096214294434, 0.45996755361557007, -0.01460710633546114, 0.5391203165054321, 0.4469870328903198, -0.020305613055825233, 0.5239648222923279, 0.4356999397277832, -0.024565575644373894, 0.6030743718147278, 0.4608946740627289, -0.012531602755188942, 0.5770732760429382, 0.43459296226501465, -0.020553333684802055, 0.5616627335548401, 0.41723406314849854, -0.026477526873350143, 0.5486922264099121, 0.40310221910476685, -0.030455559492111206, 0.61922287940979, 0.44782257080078125, -0.017006564885377884, 0.6048822402954102, 0.4208363890647888, -0.024276617914438248, 0.5960547924041748, 0.4028550386428833, -0.027277685701847076, 0.587807834148407, 0.38774991035461426, -0.029219727963209152], "right_hand": [0.0, 0.0, 0.0, 0.0, 0.0, 0.0, 0.0, 0.0, 0.0, 0.0, 0.0, 0.0, 0.0, 0.0, 0.0, 0.0, 0.0, 0.0, 0.0, 0.0, 0.0, 0.0, 0.0, 0.0, 0.0, 0.0, 0.0, 0.0, 0.0, 0.0, 0.0, 0.0, 0.0, 0.0, 0.0, 0.0, 0.0, 0.0, 0.0, 0.0, 0.0, 0.0, 0.0, 0.0, 0.0, 0.0, 0.0, 0.0, 0.0, 0.0, 0.0, 0.0, 0.0, 0.0, 0.0, 0.0, 0.0, 0.0, 0.0, 0.0, 0.0, 0.0, 0.0]}