{"body_pose": [0.4662713408470154, 0.5548936128616333, -0.6896735429763794, 0.4796988070011139, 0.5148472785949707, -0.6302728056907654, 0.488745778799057, 0.5146378874778748, -0.6295398473739624, 0.49765661358833313, 0.5146670341491699, -0.6287098526954651, 0.44941261410713196, 0.517433226108551, -0.6491202116012573, 0.43714234232902527, 0.5191884636878967, -0.6495124697685242, 0.42533859610557556, 0.521325409412384, -0.6494182348251343, 0.5109665989875793, 0.5365194082260132, -0.31396013498306274, 0.4074137508869171, 0.5465710163116455, -0.3882695734500885, 0.4852902889251709, 0.591814398765564, -0.5750026702880859, 0.44644036889076233, 0.595328152179718, -0.5968164205551147, 0.6106988787651062, 0.7544387578964233, -0.1834004670381546, 0.31480446457862854, 0.7986934185028076, -0.2552267909049988, 0.8470810055732727, 0.7093020677566528, -0.45822080969810486, 0.2571580111980438, 1.0860135555267334, -0.26493039727211, 0.6508542895317078, 0.5085011124610901, -0.9386492371559143, 0.2592080533504486, 1.3495526313781738, -0.4283998906612396, 0.6062420010566711, 0.46514892578125, -1.0857659578323364, 0.23630841076374054, 1.444903016090393, -0.49663689732551575, 0.5913486480712891, 0.47631919384002686, -1.0020811557769775, 0.2790127098560333, 1.457459568977356, -0.5642206072807312, 0.5993044972419739, 0.4997873902320862, -0.9351989030838013, 0.2915196716785431, 1.42154860496521, -0.4704701602458954, 0.5823871493339539, 1.3422759771347046, 0.06987456232309341, 0.3735388219356537, 1.3539841175079346, -0.062813401222229, 0.585354208946228, 1.814866304397583, -0.003774953307583928, 0.38235926628112793, 1.8086936473846436, -0.07581574469804764, 0.5819676518440247, 2.180239200592041, 0.5747584700584412, 0.38445132970809937, 2.20979642868042, 0.22828792035579681, 0.5827836990356445, 2.240203380584717, 0.6352593302726746, 0.37684279680252075, 2.2769479751586914, 0.2535184323787689, 0.5726956725120544, 2.305920124053955, 0.3896200954914093, 0.4319334924221039, 2.329233169555664, -0.044767674058675766], "left_hand": [0.6647835969924927, 0.5144296288490295, 1.7089472237330483e-07, 0.6384294629096985, 0.5314731001853943, -0.009191703051328659, 0.6046251058578491, 0.539871335029602, -0.013395819813013077, 0.5791286826133728, 0.5445717573165894, -0.0171338003128767, 0.5601404905319214, 0.5521305203437805, -0.02064727433025837, 0.5862976312637329, 0.4993816614151001, -0.006649347487837076, 0.5551439523696899, 0.48922300338745117, -0.014095614664256573, 0.5387312173843384, 0.4804687201976776, -0.019920803606510162, 0.5263886451721191, 0.47128257155418396, -0.024032633751630783, 0.592088520526886, 0.4773179292678833, -0.008596776984632015, 0.5595071315765381, 0.4595608115196228, -0.014873146079480648, 0.5401030778884888, 0.4465639889240265, -0.020703816786408424, 0.5250500440597534, 0.43510258197784424, -0.024969633668661118, 0.6036828756332397, 0.46004506945610046, -0.012190751731395721, 0.5777695775032043, 0.43472394347190857, -0.020342713221907616, 0.5624086856842041, 0.417723149061203, -0.026176050305366516, 0.5493544340133667, 0.40365561842918396, -0.030017787590622902, 0.6198106408119202, 0.44674772024154663, -0.016475843265652657, 0.6054865121841431, 0.4206860661506653, -0.023782530799508095, 0.5966747999191284, 0.4030470848083496, -0.02677813358604908, 0.5883929133415222, 0.38808128237724304, -0.028643466532230377], "right_hand": [0.0, 0.0, 0.0, 0.0, 0.0, 0.0, 0.0, 0.0, 0.0, 0.0, 0.0, 0.0, 0.0, 0.0, 0.0, 0.0, 0.0, 0.0, 0.0, 0.0, 0.0, 0.0, 0.0, 0.0, 0.0, 0.0, 0.0, 0.0, 0.0, 0.0, 0.0, 0.0, 0.0, 0.0, 0.0, 0.0, 0.0, 0.0, 0.0, 0.0, 0.0, 0.0, 0.0, 0.0, 0.0, 0.0, 0.0, 0.0, 0.0, 0.0, 0.0, 0.0, 0.0, 0.0, 0.0, 0.0, 0.0, 0.0, 0.0, 0.0, 0.0, 0.0, 0.0]}