{"body_pose": [0.4663187563419342, 0.5549869537353516, -0.6782463192939758, 0.47980791330337524, 0.514848530292511, -0.6156769394874573, 0.48887842893600464, 0.5146379470825195, -0.6148834228515625, 0.4978134334087372, 0.5146603584289551, -0.6140516400337219, 0.4495012164115906, 0.5174325108528137, -0.6355094313621521, 0.4372349679470062, 0.5191867351531982, -0.6358941197395325, 0.42543554306030273, 0.5213248133659363, -0.6358863115310669, 0.5112147927284241, 0.5364697575569153, -0.2961198389530182, 0.40748125314712524, 0.5466170310974121, -0.3724129796028137, 0.4854514002799988, 0.5918940901756287, -0.5620324015617371, 0.44655802845954895, 0.5954177379608154, -0.5853611826896667, 0.6108177304267883, 0.7545587420463562, -0.16381002962589264, 0.31532472372055054, 0.798506498336792, -0.2450992614030838, 0.8469641804695129, 0.7105301022529602, -0.4119410514831543, 0.2578694522380829, 1.0860285758972168, -0.2560272514820099, 0.6511532664299011, 0.5078511834144592, -0.8589120507240295, 0.26506319642066956, 1.3490585088729858, -0.4226527512073517, 0.6065539121627808, 0.46451157331466675, -0.9969716668128967, 0.24484899640083313, 1.444234013557434, -0.48971739411354065, 0.5915184020996094, 0.4755602478981018, -0.9157825708389282, 0.2866450250148773, 1.4564834833145142, -0.5552686452865601, 0.5994588732719421, 0.49879205226898193, -0.8554667830467224, 0.2973167598247528, 1.4201562404632568, -0.4638510048389435, 0.5827965140342712, 1.3427518606185913, 0.07412035763263702, 0.37355831265449524, 1.3536256551742554, -0.06700213998556137, 0.5858620405197144, 1.8153966665267944, -0.0039206091314554214, 0.3826986253261566, 1.8103140592575073, -0.07700663805007935, 0.5827469825744629, 2.178295612335205, 0.57743901014328, 0.3843887448310852, 2.2116785049438477, 0.198357492685318, 0.5833341479301453, 2.2375407218933105, 0.6382557153701782, 0.3767496645450592, 2.2787954807281494, 0.22072246670722961, 0.5740604400634766, 2.304210901260376, 0.39800816774368286, 0.43246394395828247, 2.331686496734619, -0.07962102442979813], "left_hand": [0.6667135953903198, 0.5129194855690002, 1.6131902214056026e-07, 0.6399053931236267, 0.5298408269882202, -0.008093684911727905, 0.6066818237304688, 0.5378064513206482, -0.012236899696290493, 0.5813283324241638, 0.5420047640800476, -0.01620287261903286, 0.5625556707382202, 0.5502245426177979, -0.020113978534936905, 0.5884681940078735, 0.49814531207084656, -0.0062400163151323795, 0.5582452416419983, 0.4885880947113037, -0.014027010649442673, 0.5419139266014099, 0.4799878001213074, -0.020171919837594032, 0.529657244682312, 0.47078365087509155, -0.02451423741877079, 0.5940313935279846, 0.4760468900203705, -0.009011493995785713, 0.5612711906433105, 0.45844075083732605, -0.015689119696617126, 0.5416430830955505, 0.44549208879470825, -0.021829087287187576, 0.5265220403671265, 0.43390488624572754, -0.026273483410477638, 0.6056815981864929, 0.45862480998039246, -0.013296235352754593, 0.5799791216850281, 0.4325275421142578, -0.021880783140659332, 0.5643868446350098, 0.41505536437034607, -0.028025399893522263, 0.5513573884963989, 0.4007542133331299, -0.032040685415267944, 0.622129499912262, 0.4455360770225525, -0.018142858520150185, 0.608219563961029, 0.41831791400909424, -0.025757750496268272, 0.5995097160339355, 0.400351881980896, -0.028806965798139572, 0.5914129018783569, 0.3854036033153534, -0.030691921710968018], "right_hand": [0.0, 0.0, 0.0, 0.0, 0.0, 0.0, 0.0, 0.0, 0.0, 0.0, 0.0, 0.0, 0.0, 0.0, 0.0, 0.0, 0.0, 0.0, 0.0, 0.0, 0.0, 0.0, 0.0, 0.0, 0.0, 0.0, 0.0, 0.0, 0.0, 0.0, 0.0, 0.0, 0.0, 0.0, 0.0, 0.0, 0.0, 0.0, 0.0, 0.0, 0.0, 0.0, 0.0, 0.0, 0.0, 0.0, 0.0, 0.0, 0.0, 0.0, 0.0, 0.0, 0.0, 0.0, 0.0, 0.0, 0.0, 0.0, 0.0, 0.0, 0.0, 0.0, 0.0]}