{"body_pose": [0.46576064825057983, 0.5561732053756714, -0.6829630732536316, 0.4793602526187897, 0.5156925320625305, -0.620567262172699, 0.48856839537620544, 0.5153542160987854, -0.6197609901428223, 0.49758315086364746, 0.5152101516723633, -0.6189589500427246, 0.4488522410392761, 0.5182742476463318, -0.6399992108345032, 0.43666788935661316, 0.5199170112609863, -0.6403804421424866, 0.4250340759754181, 0.5219092965126038, -0.6403731107711792, 0.5111684203147888, 0.5365617275238037, -0.3013651967048645, 0.40728792548179626, 0.5469827651977539, -0.3758169114589691, 0.48526623845100403, 0.5923134684562683, -0.5664089322090149, 0.44632434844970703, 0.5958148241043091, -0.5893552899360657, 0.6109628081321716, 0.7545529007911682, -0.16933679580688477, 0.3154652416706085, 0.7984625101089478, -0.24447621405124664, 0.8469604849815369, 0.713762640953064, -0.41576284170150757, 0.2586950361728668, 1.0857216119766235, -0.24720367789268494, 0.6584419012069702, 0.5078575611114502, -0.9016469120979309, 0.2647317051887512, 1.349621057510376, -0.4102698862552643, 0.615330696105957, 0.4637415111064911, -1.0443528890609741, 0.24457141757011414, 1.445720911026001, -0.4739512503147125, 0.5985475778579712, 0.4738248586654663, -0.96088707447052, 0.28609582781791687, 1.4592446088790894, -0.5427401661872864, 0.6055005788803101, 0.4974101483821869, -0.8977600336074829, 0.29686886072158813, 1.4228503704071045, -0.45238417387008667, 0.5830004811286926, 1.342716932296753, 0.07325615733861923, 0.3735765814781189, 1.353304147720337, -0.06611897796392441, 0.5863203406333923, 1.8154938220977783, -0.0019656193908303976, 0.38289874792099, 1.809985876083374, -0.0776556208729744, 0.5833401083946228, 2.1775777339935303, 0.5858338475227356, 0.38479942083358765, 2.210970401763916, 0.19848577678203583, 0.5839005708694458, 2.2360315322875977, 0.6474123597145081, 0.37693729996681213, 2.2780256271362305, 0.2217729389667511, 0.5750145316123962, 2.303227186203003, 0.40751001238822937, 0.43322136998176575, 2.3310513496398926, -0.07872603088617325], "left_hand": [0.6754821538925171, 0.5034236311912537, 1.5304163980545127e-07, 0.6472669243812561, 0.5180168747901917, -0.008271876722574234, 0.6138156652450562, 0.52370285987854, -0.012275404296815395, 0.5887942314147949, 0.5258294343948364, -0.016036272048950195, 0.5697508454322815, 0.5313563942909241, -0.019697407260537148, 0.5974621772766113, 0.4837586283683777, -0.007688403129577637, 0.5653998851776123, 0.469964861869812, -0.015528056770563126, 0.5473728775978088, 0.45985063910484314, -0.02130354754626751, 0.5330300331115723, 0.45031842589378357, -0.02541336603462696, 0.6047224402427673, 0.46293890476226807, -0.010473079979419708, 0.5730107426643372, 0.4420723021030426, -0.017226720228791237, 0.5543849468231201, 0.4278188645839691, -0.02302020974457264, 0.5397250652313232, 0.4157079756259918, -0.027177879586815834, 0.6176550984382629, 0.44692954421043396, -0.01466088555753231, 0.5926057696342468, 0.41961121559143066, -0.02313191629946232, 0.5787392854690552, 0.40167462825775146, -0.028638524934649467, 0.5666517615318298, 0.3873637020587921, -0.032142505049705505, 0.6350593566894531, 0.43502578139305115, -0.019506987184286118, 0.6207191944122314, 0.4081401824951172, -0.027534374967217445, 0.6120508313179016, 0.38970106840133667, -0.030557455494999886, 0.6037492752075195, 0.3743574321269989, -0.03224429488182068], "right_hand": [0.0, 0.0, 0.0, 0.0, 0.0, 0.0, 0.0, 0.0, 0.0, 0.0, 0.0, 0.0, 0.0, 0.0, 0.0, 0.0, 0.0, 0.0, 0.0, 0.0, 0.0, 0.0, 0.0, 0.0, 0.0, 0.0, 0.0, 0.0, 0.0, 0.0, 0.0, 0.0, 0.0, 0.0, 0.0, 0.0, 0.0, 0.0, 0.0, 0.0, 0.0, 0.0, 0.0, 0.0, 0.0, 0.0, 0.0, 0.0, 0.0, 0.0, 0.0, 0.0, 0.0, 0.0, 0.0, 0.0, 0.0, 0.0, 0.0, 0.0, 0.0, 0.0, 0.0]}