{"body_pose": [0.4657571017742157, 0.5574281811714172, -0.6231339573860168, 0.4792623817920685, 0.5166419148445129, -0.5591447949409485, 0.4884743392467499, 0.5163822770118713, -0.5582769513130188, 0.49745991826057434, 0.5162731409072876, -0.557330310344696, 0.44876429438591003, 0.5190442800521851, -0.5836530923843384, 0.436593234539032, 0.5206837058067322, -0.5840586423873901, 0.42499256134033203, 0.5226894021034241, -0.5839970707893372, 0.5106346011161804, 0.5372581481933594, -0.24181707203388214, 0.4071272313594818, 0.5482037663459778, -0.3355098366737366, 0.4853232502937317, 0.5935186743736267, -0.5077913999557495, 0.44632473587989807, 0.5969502925872803, -0.536445677280426, 0.6109539866447449, 0.7545565366744995, -0.10768922418355942, 0.31548961997032166, 0.7993260025978088, -0.2246425598859787, 0.8455966114997864, 0.7187297344207764, -0.3565331995487213, 0.2570111155509949, 1.087639570236206, -0.2305234670639038, 0.6742838025093079, 0.5023249387741089, -0.8397506475448608, 0.26446598768234253, 1.3493412733078003, -0.39395996928215027, 0.6358736157417297, 0.44883349537849426, -0.977209746837616, 0.24410517513751984, 1.44500732421875, -0.4582080841064453, 0.6140541434288025, 0.4530782997608185, -0.8964492082595825, 0.286386638879776, 1.4581390619277954, -0.5196947455406189, 0.6198869943618774, 0.4774191081523895, -0.8377841114997864, 0.297357976436615, 1.4220616817474365, -0.43356946110725403, 0.5830166935920715, 1.343121886253357, 0.07429919391870499, 0.37360650300979614, 1.353539228439331, -0.06736399233341217, 0.5860535502433777, 1.815233826637268, -0.010047952644526958, 0.38289108872413635, 1.8151911497116089, -0.03686516359448433, 0.5808782577514648, 2.1798481941223145, 0.525522768497467, 0.3831295669078827, 2.21944522857666, 0.19805908203125, 0.5802988409996033, 2.2382454872131348, 0.5810031294822693, 0.3748842775821686, 2.2860162258148193, 0.21833111345767975, 0.5742993354797363, 2.3058269023895264, 0.34718459844589233, 0.4326341152191162, 2.341576337814331, -0.07717371731996536], "left_hand": [0.6976545453071594, 0.4867904484272003, 1.2712717989415978e-07, 0.6682740449905396, 0.4989309310913086, -0.008006876334547997, 0.6334311366081238, 0.4976987838745117, -0.011882752180099487, 0.6072292923927307, 0.49299585819244385, -0.015481819398701191, 0.5881603956222534, 0.4966740906238556, -0.019236454740166664, 0.6204412579536438, 0.4542821943759918, -0.009828684851527214, 0.5897459387779236, 0.4346352815628052, -0.01828162372112274, 0.5729255080223083, 0.42180681228637695, -0.02444378472864628, 0.5597948431968689, 0.41035717725753784, -0.028907274827361107, 0.6296683549880981, 0.434542179107666, -0.013090548105537891, 0.6001896858215332, 0.40812021493911743, -0.02040085382759571, 0.5833569765090942, 0.39149728417396545, -0.026659540832042694, 0.5703094005584717, 0.3778947591781616, -0.03122008964419365, 0.6443221569061279, 0.42083925008773804, -0.01753113605082035, 0.6225372552871704, 0.3899330794811249, -0.02651994116604328, 0.6096954345703125, 0.3701229393482208, -0.032564640045166016, 0.5993911027908325, 0.3539353311061859, -0.03659050911664963, 0.6633379459381104, 0.4123324155807495, -0.022531840950250626, 0.6523662209510803, 0.3833789825439453, -0.03117016889154911, 0.6464800834655762, 0.36398112773895264, -0.0345199853181839, 0.6415500640869141, 0.3478815257549286, -0.03644953668117523], "right_hand": [0.0, 0.0, 0.0, 0.0, 0.0, 0.0, 0.0, 0.0, 0.0, 0.0, 0.0, 0.0, 0.0, 0.0, 0.0, 0.0, 0.0, 0.0, 0.0, 0.0, 0.0, 0.0, 0.0, 0.0, 0.0, 0.0, 0.0, 0.0, 0.0, 0.0, 0.0, 0.0, 0.0, 0.0, 0.0, 0.0, 0.0, 0.0, 0.0, 0.0, 0.0, 0.0, 0.0, 0.0, 0.0, 0.0, 0.0, 0.0, 0.0, 0.0, 0.0, 0.0, 0.0, 0.0, 0.0, 0.0, 0.0, 0.0, 0.0, 0.0, 0.0, 0.0, 0.0]}