{"body_pose": [0.46584802865982056, 0.5574854016304016, -0.5972332954406738, 0.47932562232017517, 0.5169693231582642, -0.5343836545944214, 0.48852986097335815, 0.516890823841095, -0.5335239768028259, 0.4974617660045624, 0.5169762372970581, -0.5325870513916016, 0.4486619830131531, 0.5193014740943909, -0.5572448372840881, 0.43634033203125, 0.5210400223731995, -0.5576445460319519, 0.4246799945831299, 0.5231207013130188, -0.5575342774391174, 0.5095258355140686, 0.5384011268615723, -0.22242863476276398, 0.4066120982170105, 0.5490649938583374, -0.31002122163772583, 0.4855620861053467, 0.5935835242271423, -0.4842682182788849, 0.4462267756462097, 0.5970932841300964, -0.5111099481582642, 0.6098063588142395, 0.7550398111343384, -0.0936824157834053, 0.31537318229675293, 0.799413800239563, -0.20378613471984863, 0.8431483507156372, 0.724909782409668, -0.34823447465896606, 0.2547486424446106, 1.0873374938964844, -0.1989334672689438, 0.7012490034103394, 0.4776378273963928, -0.8233790993690491, 0.2628871500492096, 1.349414587020874, -0.3532680869102478, 0.672279417514801, 0.4122827649116516, -0.9569496512413025, 0.24222233891487122, 1.4454052448272705, -0.4131217896938324, 0.642914354801178, 0.41278237104415894, -0.8828973770141602, 0.2861712574958801, 1.4591493606567383, -0.47513285279273987, 0.6448917388916016, 0.43752968311309814, -0.8245691657066345, 0.297125905752182, 1.4229202270507812, -0.39337626099586487, 0.5828934907913208, 1.3438615798950195, 0.07341273128986359, 0.37334558367729187, 1.353720784187317, -0.06657503545284271, 0.5860926508903503, 1.8149758577346802, -0.03678712993860245, 0.38308900594711304, 1.8158708810806274, -0.029453584924340248, 0.5817467570304871, 2.1823999881744385, 0.4732324779033661, 0.38501766324043274, 2.2214856147766113, 0.19796870648860931, 0.5816078782081604, 2.241264581680298, 0.526529848575592, 0.37844187021255493, 2.288531541824341, 0.21687988936901093, 0.5749291777610779, 2.3088016510009766, 0.29458752274513245, 0.43310561776161194, 2.343803644180298, -0.07643246650695801], "left_hand": [0.7291101813316345, 0.4678511917591095, 1.2702565754807438e-07, 0.6983511447906494, 0.4739363491535187, -0.008653879165649414, 0.6638695597648621, 0.46622633934020996, -0.01319868303835392, 0.6379257440567017, 0.456849604845047, -0.017324144020676613, 0.6177096366882324, 0.45750945806503296, -0.021489139646291733, 0.6562487483024597, 0.42337867617607117, -0.011663933284580708, 0.627742350101471, 0.3946986198425293, -0.021205293014645576, 0.6134688258171082, 0.3770982027053833, -0.02796858176589012, 0.6019994020462036, 0.36192238330841064, -0.03264111280441284, 0.6675451993942261, 0.40547603368759155, -0.014516637660562992, 0.6415693759918213, 0.3712485432624817, -0.02203402668237686, 0.6277367472648621, 0.3506174087524414, -0.02799004130065441, 0.617097795009613, 0.3330712616443634, -0.032387491315603256, 0.6838690042495728, 0.39432933926582336, -0.01846047304570675, 0.664842426776886, 0.3587424159049988, -0.0271019097417593, 0.6555572748184204, 0.33608919382095337, -0.03190762177109718, 0.6494771838188171, 0.3174763321876526, -0.035102248191833496, 0.7039218544960022, 0.38916367292404175, -0.023104675114154816, 0.6960641145706177, 0.359121710062027, -0.03138886019587517, 0.69231778383255, 0.3392842710018158, -0.03382331505417824, 0.6897867321968079, 0.3229759633541107, -0.035023581236600876], "right_hand": [0.0, 0.0, 0.0, 0.0, 0.0, 0.0, 0.0, 0.0, 0.0, 0.0, 0.0, 0.0, 0.0, 0.0, 0.0, 0.0, 0.0, 0.0, 0.0, 0.0, 0.0, 0.0, 0.0, 0.0, 0.0, 0.0, 0.0, 0.0, 0.0, 0.0, 0.0, 0.0, 0.0, 0.0, 0.0, 0.0, 0.0, 0.0, 0.0, 0.0, 0.0, 0.0, 0.0, 0.0, 0.0, 0.0, 0.0, 0.0, 0.0, 0.0, 0.0, 0.0, 0.0, 0.0, 0.0, 0.0, 0.0, 0.0, 0.0, 0.0, 0.0, 0.0, 0.0]}