{"body_pose": [0.47508856654167175, 0.5806338787078857, -0.7774489521980286, 0.4916093945503235, 0.5446475744247437, -0.7258593440055847, 0.5019499063491821, 0.5450760722160339, -0.7256250381469727, 0.5117526054382324, 0.5459796786308289, -0.725173830986023, 0.4586826264858246, 0.5437504053115845, -0.7362275719642639, 0.4464259445667267, 0.5433369874954224, -0.7363530397415161, 0.4352204501628876, 0.5434198379516602, -0.736292839050293, 0.5234271287918091, 0.5664132237434387, -0.41708454489707947, 0.4188142716884613, 0.5602813959121704, -0.4681815207004547, 0.49402856826782227, 0.6145928502082825, -0.6602078676223755, 0.4533083736896515, 0.6127939820289612, -0.6740113496780396, 0.6085766553878784, 0.784066915512085, -0.26322224736213684, 0.3225829303264618, 0.7912916541099548, -0.29368138313293457, 0.8248115181922913, 0.8440787196159363, -0.5499007701873779, 0.2609499394893646, 1.0584670305252075, -0.27343645691871643, 0.6883255243301392, 0.5657821893692017, -1.0322792530059814, 0.2703196704387665, 1.327981948852539, -0.46767017245292664, 0.6595408320426941, 0.49915382266044617, -1.1763007640838623, 0.25012269616127014, 1.423242211341858, -0.5342587828636169, 0.6381587386131287, 0.49569642543792725, -1.104021430015564, 0.29763245582580566, 1.4427744150161743, -0.5999016761779785, 0.6417703628540039, 0.5188309550285339, -1.0302973985671997, 0.30967918038368225, 1.407547116279602, -0.507469117641449, 0.5422366261482239, 1.297617793083191, 0.05104011669754982, 0.35632720589637756, 1.3001787662506104, -0.04442199692130089, 0.5504063963890076, 1.727333426475525, -0.004683155566453934, 0.3645496964454651, 1.7117739915847778, -0.05586694926023483, 0.5491788387298584, 2.068502187728882, 0.5438081622123718, 0.36537668108940125, 2.078702688217163, 0.29191556572914124, 0.5502687096595764, 2.126023292541504, 0.6011925339698792, 0.3597286343574524, 2.142984390258789, 0.32131102681159973, 0.5357444882392883, 2.184921979904175, 0.3707917630672455, 0.397897332906723, 2.190314292907715, 0.035169102251529694], "left_hand": [0.7108760476112366, 0.5403590202331543, -4.4118472430909605e-08, 0.6780909299850464, 0.534804105758667, -0.008912429213523865, 0.6453306078910828, 0.5134055614471436, -0.011715293861925602, 0.6211734414100647, 0.4938443899154663, -0.015187145210802555, 0.6017559766769409, 0.48522719740867615, -0.01774669624865055, 0.6411940455436707, 0.4799681007862091, 0.0016180991660803556, 0.6288487315177917, 0.4416784644126892, -0.006013981532305479, 0.6261345148086548, 0.41907986998558044, -0.010241840966045856, 0.6234226822853088, 0.40016162395477295, -0.012536485679447651, 0.6547774076461792, 0.4694596529006958, 0.0008797527407296002, 0.646443784236908, 0.43421170115470886, -0.015817150473594666, 0.6592335104942322, 0.4456087052822113, -0.022659236565232277, 0.6683801412582397, 0.46237173676490784, -0.022151056677103043, 0.6696518659591675, 0.4611241817474365, -0.0014483865816146135, 0.6620342135429382, 0.43105143308639526, -0.016702549532055855, 0.6718443036079407, 0.4420931041240692, -0.01811249740421772, 0.6781384348869324, 0.456053763628006, -0.01368741039186716, 0.6864235997200012, 0.4565708339214325, -0.00445089815184474, 0.6791672706604004, 0.4260198473930359, -0.011369227431714535, 0.6759228706359863, 0.4083762764930725, -0.011844038963317871, 0.6714263558387756, 0.39494720101356506, -0.010079453699290752], "right_hand": [0.0, 0.0, 0.0, 0.0, 0.0, 0.0, 0.0, 0.0, 0.0, 0.0, 0.0, 0.0, 0.0, 0.0, 0.0, 0.0, 0.0, 0.0, 0.0, 0.0, 0.0, 0.0, 0.0, 0.0, 0.0, 0.0, 0.0, 0.0, 0.0, 0.0, 0.0, 0.0, 0.0, 0.0, 0.0, 0.0, 0.0, 0.0, 0.0, 0.0, 0.0, 0.0, 0.0, 0.0, 0.0, 0.0, 0.0, 0.0, 0.0, 0.0, 0.0, 0.0, 0.0, 0.0, 0.0, 0.0, 0.0, 0.0, 0.0, 0.0, 0.0, 0.0, 0.0]}