{"body_pose": [0.4751661717891693, 0.5815760493278503, -0.777232825756073, 0.4918802082538605, 0.5450751185417175, -0.7240175604820251, 0.5022733807563782, 0.5454336404800415, -0.7235804796218872, 0.5122340321540833, 0.546259343624115, -0.72296142578125, 0.4587419033050537, 0.5441359877586365, -0.7343237996101379, 0.4464500844478607, 0.543688178062439, -0.7345619797706604, 0.43523305654525757, 0.5436928868293762, -0.7344323396682739, 0.5253645777702332, 0.5667122602462769, -0.41309523582458496, 0.41880351305007935, 0.5605896711349487, -0.4622204005718231, 0.49418240785598755, 0.6154847741127014, -0.6606975793838501, 0.45345941185951233, 0.6140081882476807, -0.6739133596420288, 0.6160126328468323, 0.784054160118103, -0.2690381109714508, 0.32074347138404846, 0.7940828204154968, -0.27771201729774475, 0.8436088562011719, 0.8261421322822571, -0.5859706997871399, 0.24900731444358826, 1.072109341621399, -0.26765912771224976, 0.7024339437484741, 0.5446573495864868, -1.0960590839385986, 0.24979093670845032, 1.3393892049789429, -0.48298564553260803, 0.6718758940696716, 0.47217047214508057, -1.2422988414764404, 0.22434332966804504, 1.4366763830184937, -0.5504539012908936, 0.6483533978462219, 0.4716642498970032, -1.1637181043624878, 0.276537150144577, 1.4598934650421143, -0.6167320609092712, 0.6533580422401428, 0.4931791126728058, -1.0921275615692139, 0.29094329476356506, 1.42401921749115, -0.5238298773765564, 0.5437586307525635, 1.306881308555603, 0.05039569362998009, 0.3591488003730774, 1.3113430738449097, -0.043738774955272675, 0.5602189898490906, 1.750109314918518, -0.0023377910256385803, 0.36471012234687805, 1.72908353805542, -0.0618034228682518, 0.56006920337677, 2.099531412124634, 0.5272477865219116, 0.36609187722206116, 2.0980002880096436, 0.27815261483192444, 0.5626360774040222, 2.1600468158721924, 0.582089900970459, 0.36043161153793335, 2.163592576980591, 0.3071766197681427, 0.5430058836936951, 2.2159738540649414, 0.3427399694919586, 0.40025702118873596, 2.208970069885254, 0.022613689303398132], "left_hand": [0.7106897234916687, 0.5381675362586975, 3.3922484266035724e-10, 0.677890419960022, 0.5347945690155029, -0.006188756786286831, 0.6440553069114685, 0.5119826197624207, -0.006049909628927708, 0.6209406852722168, 0.49281105399131775, -0.006491063162684441, 0.6041409969329834, 0.48465272784233093, -0.006242319475859404, 0.6414445042610168, 0.47883644700050354, 0.004280536901205778, 0.6301246881484985, 0.44319814443588257, -0.0016269027255475521, 0.6271719336509705, 0.42034128308296204, -0.004427836276590824, 0.6248233914375305, 0.4011930227279663, -0.005654304753988981, 0.6560664176940918, 0.4681323170661926, 0.00330602889880538, 0.6465086936950684, 0.4331635534763336, -0.012336581014096737, 0.6579317450523376, 0.44606462121009827, -0.018063221126794815, 0.6671133041381836, 0.4644043445587158, -0.016337117180228233, 0.6716129779815674, 0.4592081904411316, 0.0010079346830025315, 0.6618816256523132, 0.42964527010917664, -0.013451934792101383, 0.6702721118927002, 0.44108209013938904, -0.014815879054367542, 0.6767451167106628, 0.4552469253540039, -0.010138928890228271, 0.6889599561691284, 0.4544934332370758, -0.0015892848605290055, 0.6807958483695984, 0.42450618743896484, -0.008997393772006035, 0.6755975484848022, 0.407118558883667, -0.010406971909105778, 0.6695381999015808, 0.39371952414512634, -0.009015152230858803], "right_hand": [0.0, 0.0, 0.0, 0.0, 0.0, 0.0, 0.0, 0.0, 0.0, 0.0, 0.0, 0.0, 0.0, 0.0, 0.0, 0.0, 0.0, 0.0, 0.0, 0.0, 0.0, 0.0, 0.0, 0.0, 0.0, 0.0, 0.0, 0.0, 0.0, 0.0, 0.0, 0.0, 0.0, 0.0, 0.0, 0.0, 0.0, 0.0, 0.0, 0.0, 0.0, 0.0, 0.0, 0.0, 0.0, 0.0, 0.0, 0.0, 0.0, 0.0, 0.0, 0.0, 0.0, 0.0, 0.0, 0.0, 0.0, 0.0, 0.0, 0.0, 0.0, 0.0, 0.0]}