{"body_pose": [0.4773140847682953, 0.5829278230667114, -0.745267927646637, 0.49442628026008606, 0.5455080270767212, -0.6885259747505188, 0.5044860243797302, 0.5457995533943176, -0.6878576874732971, 0.5142558813095093, 0.5465548038482666, -0.6871066689491272, 0.46101218461990356, 0.5447540879249573, -0.6995730996131897, 0.44820383191108704, 0.5444024205207825, -0.699944794178009, 0.4363435208797455, 0.5444508194923401, -0.6997150778770447, 0.5282768607139587, 0.5675069093704224, -0.37135249376296997, 0.4186837375164032, 0.5613820552825928, -0.41214704513549805, 0.4965357482433319, 0.617339551448822, -0.6279991865158081, 0.4547162652015686, 0.6165404915809631, -0.6420741677284241, 0.6202983260154724, 0.7847725749015808, -0.23394407331943512, 0.3172316253185272, 0.8032810688018799, -0.23895932734012604, 0.8509977459907532, 0.8199434876441956, -0.5443632006645203, 0.24332861602306366, 1.086811900138855, -0.21938788890838623, 0.7110347747802734, 0.5498608350753784, -1.0446747541427612, 0.24728582799434662, 1.3502415418624878, -0.41533151268959045, 0.6822128891944885, 0.48196178674697876, -1.189827561378479, 0.22582082450389862, 1.4444149732589722, -0.48075777292251587, 0.6604653000831604, 0.48051902651786804, -1.1124292612075806, 0.27313902974128723, 1.4637787342071533, -0.5442761778831482, 0.663183331489563, 0.5014175176620483, -1.041735053062439, 0.2861758768558502, 1.4299911260604858, -0.4556416869163513, 0.5666183829307556, 1.339609980583191, 0.0507550947368145, 0.36290010809898376, 1.3350136280059814, -0.043666355311870575, 0.5639044046401978, 1.7896621227264404, 0.003687662770971656, 0.36012741923332214, 1.7593798637390137, -0.1014208048582077, 0.563081681728363, 2.1463253498077393, 0.5855201482772827, 0.3607501685619354, 2.1463449001312256, 0.24065160751342773, 0.5662810206413269, 2.2058515548706055, 0.6472984552383423, 0.35472753643989563, 2.2138288021087646, 0.2706183195114136, 0.5454313158988953, 2.2674245834350586, 0.4154669940471649, 0.3946473002433777, 2.2612085342407227, -0.02884775400161743], "left_hand": [0.7105569243431091, 0.5376707315444946, 1.4360256983536601e-08, 0.6793273687362671, 0.5363732576370239, -0.008360051549971104, 0.6460692882537842, 0.514686107635498, -0.010275970213115215, 0.6227955222129822, 0.49525803327560425, -0.012587047182023525, 0.6054502129554749, 0.4874492883682251, -0.014301499351859093, 0.6448768377304077, 0.4768991470336914, 0.0011319862678647041, 0.6345958113670349, 0.4416695237159729, -0.005869816057384014, 0.6320928335189819, 0.41878288984298706, -0.009629359468817711, 0.6302379369735718, 0.3990928530693054, -0.01156413834542036, 0.6599470973014832, 0.4655922055244446, 0.0006368969916366041, 0.6522887945175171, 0.4325818717479706, -0.0158376507461071, 0.6623793244361877, 0.45008161664009094, -0.021703429520130157, 0.669786810874939, 0.47038793563842773, -0.019988352432847023, 0.6759544014930725, 0.45691022276878357, -0.0012916986597701907, 0.6681051254272461, 0.427964448928833, -0.016315743327140808, 0.6749892234802246, 0.4428273141384125, -0.017234692350029945, 0.6797114014625549, 0.45931169390678406, -0.012132600881159306, 0.6935516595840454, 0.45294442772865295, -0.0037051320541650057, 0.6863247156143188, 0.42297565937042236, -0.01093981508165598, 0.6812028884887695, 0.4067530930042267, -0.011446095071732998, 0.6747720837593079, 0.3942748010158539, -0.009286612272262573], "right_hand": [0.0, 0.0, 0.0, 0.0, 0.0, 0.0, 0.0, 0.0, 0.0, 0.0, 0.0, 0.0, 0.0, 0.0, 0.0, 0.0, 0.0, 0.0, 0.0, 0.0, 0.0, 0.0, 0.0, 0.0, 0.0, 0.0, 0.0, 0.0, 0.0, 0.0, 0.0, 0.0, 0.0, 0.0, 0.0, 0.0, 0.0, 0.0, 0.0, 0.0, 0.0, 0.0, 0.0, 0.0, 0.0, 0.0, 0.0, 0.0, 0.0, 0.0, 0.0, 0.0, 0.0, 0.0, 0.0, 0.0, 0.0, 0.0, 0.0, 0.0, 0.0, 0.0, 0.0]}