{"body_pose": [0.4770050346851349, 0.5830366611480713, -0.7493166327476501, 0.4942725598812103, 0.5455073714256287, -0.6925694346427917, 0.5043733716011047, 0.5457929968833923, -0.6918662786483765, 0.5141192078590393, 0.5465399622917175, -0.6910861730575562, 0.46077433228492737, 0.544812023639679, -0.7028597593307495, 0.44800370931625366, 0.5444888472557068, -0.7032517790794373, 0.4361952245235443, 0.5445550084114075, -0.703029453754425, 0.5280420184135437, 0.5674216151237488, -0.3746788501739502, 0.41864296793937683, 0.5613999962806702, -0.4129343628883362, 0.4962904155254364, 0.6174965500831604, -0.6319147348403931, 0.4544013440608978, 0.6167829036712646, -0.6448391675949097, 0.6202030181884766, 0.7848072648048401, -0.23670372366905212, 0.3172418475151062, 0.8031613826751709, -0.2418230026960373, 0.849778950214386, 0.8188592791557312, -0.5507954359054565, 0.24313385784626007, 1.0859440565109253, -0.22515055537223816, 0.7106770277023315, 0.5481142401695251, -1.0576069355010986, 0.24823102355003357, 1.3511933088302612, -0.4175657331943512, 0.6818495988845825, 0.4778155982494354, -1.2050539255142212, 0.22688208520412445, 1.4461275339126587, -0.4826563000679016, 0.6602657437324524, 0.477003812789917, -1.1263253688812256, 0.27413496375083923, 1.4653810262680054, -0.5478854179382324, 0.6628614664077759, 0.49789491295814514, -1.054538369178772, 0.2869924008846283, 1.4315330982208252, -0.4579637050628662, 0.5668719410896301, 1.3407191038131714, 0.050783462822437286, 0.3626611828804016, 1.335213541984558, -0.0436931811273098, 0.5623298287391663, 1.7901735305786133, 0.006464610807597637, 0.3573819696903229, 1.7602635622024536, -0.08891598880290985, 0.5550479888916016, 2.142860174179077, 0.5963765978813171, 0.3532118499279022, 2.1458075046539307, 0.25720521807670593, 0.5569291710853577, 2.201362133026123, 0.6591026186943054, 0.3462044298648834, 2.212366819381714, 0.2876681685447693, 0.5365033745765686, 2.2640302181243896, 0.4309452176094055, 0.3857281804084778, 2.2617440223693848, -0.006590423174202442], "left_hand": [0.7111371159553528, 0.5372342467308044, 7.009430813553763e-09, 0.6789582967758179, 0.5352435111999512, -0.0068234726786613464, 0.6455996632575989, 0.5142745971679688, -0.008179754950106144, 0.6229007244110107, 0.4955114424228668, -0.010213026776909828, 0.6060197949409485, 0.4883273243904114, -0.011731012724339962, 0.6449978947639465, 0.4766204357147217, 0.0021695508621633053, 0.6345439553260803, 0.4411119222640991, -0.004671613220125437, 0.6317189931869507, 0.4183213412761688, -0.00836881436407566, 0.6295090913772583, 0.3989327549934387, -0.010216820985078812, 0.6601278185844421, 0.4659684896469116, 0.0008703494095243514, 0.6516485214233398, 0.43313610553741455, -0.01580129936337471, 0.6611760258674622, 0.4499959349632263, -0.021843038499355316, 0.6686331629753113, 0.47058311104774475, -0.020186331123113632, 0.6763840317726135, 0.45759764313697815, -0.0017560148844495416, 0.667516827583313, 0.42876750230789185, -0.016987202689051628, 0.6742437481880188, 0.44347187876701355, -0.018232425674796104, 0.6793262958526611, 0.4600431025028229, -0.013253133744001389, 0.6942198276519775, 0.45360490679740906, -0.004726058803498745, 0.6864266991615295, 0.42307138442993164, -0.012315462343394756, 0.6804955005645752, 0.40635091066360474, -0.013280731625854969, 0.6734893918037415, 0.3935561180114746, -0.01142540667206049], "right_hand": [0.0, 0.0, 0.0, 0.0, 0.0, 0.0, 0.0, 0.0, 0.0, 0.0, 0.0, 0.0, 0.0, 0.0, 0.0, 0.0, 0.0, 0.0, 0.0, 0.0, 0.0, 0.0, 0.0, 0.0, 0.0, 0.0, 0.0, 0.0, 0.0, 0.0, 0.0, 0.0, 0.0, 0.0, 0.0, 0.0, 0.0, 0.0, 0.0, 0.0, 0.0, 0.0, 0.0, 0.0, 0.0, 0.0, 0.0, 0.0, 0.0, 0.0, 0.0, 0.0, 0.0, 0.0, 0.0, 0.0, 0.0, 0.0, 0.0, 0.0, 0.0, 0.0, 0.0]}