{"body_pose": [0.4770030081272125, 0.5830199122428894, -0.7648972272872925, 0.4943002164363861, 0.5453556776046753, -0.7086302638053894, 0.5043985247612, 0.5456250905990601, -0.70794278383255, 0.5141353607177734, 0.5463463068008423, -0.7071546912193298, 0.46081486344337463, 0.5447283387184143, -0.7189304232597351, 0.4480467736721039, 0.5444232225418091, -0.7193141579627991, 0.436244398355484, 0.5445007085800171, -0.719117283821106, 0.5280388593673706, 0.5671349167823792, -0.38743188977241516, 0.41867730021476746, 0.5611780881881714, -0.42559197545051575, 0.4962887763977051, 0.617516815662384, -0.6457004547119141, 0.4543742537498474, 0.616811215877533, -0.6586203575134277, 0.6201835870742798, 0.7847990989685059, -0.24341842532157898, 0.31725096702575684, 0.802854597568512, -0.2518431842327118, 0.8494563698768616, 0.8189477920532227, -0.5649535655975342, 0.24314595758914948, 1.0858099460601807, -0.2305954396724701, 0.7104016542434692, 0.5454139113426208, -1.0857144594192505, 0.25125715136528015, 1.3506054878234863, -0.4273828864097595, 0.681580126285553, 0.4757743775844574, -1.2352949380874634, 0.22759506106376648, 1.4466596841812134, -0.4954755902290344, 0.660123348236084, 0.47445160150527954, -1.1564568281173706, 0.2747374475002289, 1.4660993814468384, -0.5547808408737183, 0.6626066565513611, 0.4950636625289917, -1.0828810930252075, 0.2875029444694519, 1.4320068359375, -0.4654620587825775, 0.5672000050544739, 1.341705322265625, 0.052609872072935104, 0.3622889816761017, 1.3355412483215332, -0.045504000037908554, 0.5622615814208984, 1.7913413047790527, 0.012191571295261383, 0.35666903853416443, 1.7609964609146118, -0.10646621882915497, 0.5548356771469116, 2.140995502471924, 0.6255550384521484, 0.35226231813430786, 2.151904344558716, 0.23373587429523468, 0.5566545724868774, 2.1990902423858643, 0.6907710433006287, 0.34510067105293274, 2.219722032546997, 0.2635346055030823, 0.5364659428596497, 2.2624101638793945, 0.46531566977500916, 0.38473081588745117, 2.2682111263275146, -0.036290351301431656], "left_hand": [0.7109202146530151, 0.5376123189926147, 2.8404263385795048e-09, 0.678538978099823, 0.534633219242096, -0.0061950418166816235, 0.645349383354187, 0.5128413438796997, -0.006707638967782259, 0.6228853464126587, 0.4936865270137787, -0.00795854814350605, 0.6062580943107605, 0.48663419485092163, -0.008787734434008598, 0.645460307598114, 0.47657036781311035, 0.0030682464130222797, 0.6348822116851807, 0.44080865383148193, -0.0031064036302268505, 0.6320591568946838, 0.4180707037448883, -0.006348391063511372, 0.6296689510345459, 0.3985377848148346, -0.007984290830790997, 0.6604438424110413, 0.4659522771835327, 0.001775256241671741, 0.6517183184623718, 0.4327116012573242, -0.013993582688272, 0.6608434915542603, 0.44807109236717224, -0.020083272829651833, 0.6682565212249756, 0.4676705300807953, -0.01873241551220417, 0.6764747500419617, 0.45724251866340637, -0.0007565671112388372, 0.6674944162368774, 0.4282645583152771, -0.015064134262502193, 0.6736345291137695, 0.44139087200164795, -0.016718417406082153, 0.6783372759819031, 0.45698752999305725, -0.012341650202870369, 0.6942769289016724, 0.4527120590209961, -0.0035884398967027664, 0.6864625215530396, 0.4222243130207062, -0.01074943132698536, 0.6806540489196777, 0.40538468956947327, -0.011987252160906792, 0.673807680606842, 0.3929232954978943, -0.010497975163161755], "right_hand": [0.0, 0.0, 0.0, 0.0, 0.0, 0.0, 0.0, 0.0, 0.0, 0.0, 0.0, 0.0, 0.0, 0.0, 0.0, 0.0, 0.0, 0.0, 0.0, 0.0, 0.0, 0.0, 0.0, 0.0, 0.0, 0.0, 0.0, 0.0, 0.0, 0.0, 0.0, 0.0, 0.0, 0.0, 0.0, 0.0, 0.0, 0.0, 0.0, 0.0, 0.0, 0.0, 0.0, 0.0, 0.0, 0.0, 0.0, 0.0, 0.0, 0.0, 0.0, 0.0, 0.0, 0.0, 0.0, 0.0, 0.0, 0.0, 0.0, 0.0, 0.0, 0.0, 0.0]}