{"body_pose": [0.477212131023407, 0.5830606818199158, -0.7550875544548035, 0.4945409595966339, 0.5453497767448425, -0.698669970035553, 0.504594624042511, 0.5456171035766602, -0.6980012655258179, 0.514295220375061, 0.546334981918335, -0.6971967816352844, 0.4612713158130646, 0.5447561740875244, -0.7084919810295105, 0.4484923183917999, 0.5444583296775818, -0.7088278532028198, 0.4366365969181061, 0.544535756111145, -0.7086315751075745, 0.5280383825302124, 0.5670267939567566, -0.37923234701156616, 0.4188303053379059, 0.5611791014671326, -0.41542673110961914, 0.4964081645011902, 0.6176443099975586, -0.6367154717445374, 0.4545246660709381, 0.6169731020927429, -0.6488710045814514, 0.6200818419456482, 0.7846250534057617, -0.24157917499542236, 0.3172744810581207, 0.802824854850769, -0.23958639800548553, 0.8467971682548523, 0.8177562355995178, -0.560111939907074, 0.2430698126554489, 1.085369348526001, -0.22341622412204742, 0.7104374170303345, 0.5446298122406006, -1.0792579650878906, 0.25158485770225525, 1.3505675792694092, -0.42975229024887085, 0.6817310452461243, 0.47494205832481384, -1.2273950576782227, 0.22810502350330353, 1.4467326402664185, -0.4965294301509857, 0.6602124571800232, 0.4733787178993225, -1.149444341659546, 0.27498945593833923, 1.4660929441452026, -0.5609766244888306, 0.6626697182655334, 0.4935435354709625, -1.0764527320861816, 0.2878597676753998, 1.4318194389343262, -0.4701165556907654, 0.56902676820755, 1.3411637544631958, 0.05141659826040268, 0.3622656464576721, 1.3355836868286133, -0.04426460340619087, 0.5630316138267517, 1.7897523641586304, 0.001369138597510755, 0.3567465841770172, 1.7596021890640259, -0.11742537468671799, 0.5564776062965393, 2.1408631801605225, 0.595569908618927, 0.35407471656799316, 2.149358034133911, 0.21117541193962097, 0.5585770010948181, 2.199410915374756, 0.658422589302063, 0.34795576333999634, 2.216958522796631, 0.23935918509960175, 0.5378564596176147, 2.2609503269195557, 0.42565467953681946, 0.386111319065094, 2.2647883892059326, -0.05798059329390526], "left_hand": [0.710809051990509, 0.5375471115112305, 6.127428342495023e-09, 0.6786318421363831, 0.5347108840942383, -0.006875430233776569, 0.6459139585494995, 0.5129694938659668, -0.0077148196287453175, 0.6233808994293213, 0.49349814653396606, -0.009168464690446854, 0.606855034828186, 0.48607373237609863, -0.010099802166223526, 0.6454461216926575, 0.47772181034088135, 0.0022389166988432407, 0.635735273361206, 0.4410637617111206, -0.004530743230134249, 0.6328704357147217, 0.4178241789340973, -0.00782027281820774, 0.6306448578834534, 0.39785850048065186, -0.00934678129851818, 0.6607131361961365, 0.4665830731391907, 0.0012369225732982159, 0.6522136330604553, 0.43275418877601624, -0.015316695906221867, 0.6618014574050903, 0.44959694147109985, -0.021022027358412743, 0.6694263219833374, 0.4695403277873993, -0.01907435432076454, 0.6769586801528931, 0.4575393497943878, -0.0011192219099029899, 0.6682002544403076, 0.42808520793914795, -0.01640183851122856, 0.6748093962669373, 0.44280585646629333, -0.01757829077541828, 0.6796761751174927, 0.4589483141899109, -0.012457894161343575, 0.6948392987251282, 0.45290353894233704, -0.003810879308730364, 0.687363862991333, 0.42211848497390747, -0.011550338007509708, 0.6816745400428772, 0.40518277883529663, -0.01269516721367836, 0.6747491359710693, 0.3922267556190491, -0.010910868644714355], "right_hand": [0.0, 0.0, 0.0, 0.0, 0.0, 0.0, 0.0, 0.0, 0.0, 0.0, 0.0, 0.0, 0.0, 0.0, 0.0, 0.0, 0.0, 0.0, 0.0, 0.0, 0.0, 0.0, 0.0, 0.0, 0.0, 0.0, 0.0, 0.0, 0.0, 0.0, 0.0, 0.0, 0.0, 0.0, 0.0, 0.0, 0.0, 0.0, 0.0, 0.0, 0.0, 0.0, 0.0, 0.0, 0.0, 0.0, 0.0, 0.0, 0.0, 0.0, 0.0, 0.0, 0.0, 0.0, 0.0, 0.0, 0.0, 0.0, 0.0, 0.0, 0.0, 0.0, 0.0]}