{"body_pose": [0.4771997332572937, 0.5833485126495361, -0.7503578066825867, 0.494520902633667, 0.5454031825065613, -0.6935936212539673, 0.5045644640922546, 0.5456304550170898, -0.6928903460502625, 0.5142505168914795, 0.5463288426399231, -0.6920676827430725, 0.46128982305526733, 0.5450412034988403, -0.704119861125946, 0.44852110743522644, 0.5448238253593445, -0.70447838306427, 0.4366852343082428, 0.5449305772781372, -0.7042945027351379, 0.52784663438797, 0.5669991970062256, -0.373436838388443, 0.4188677668571472, 0.5612831711769104, -0.4124085605144501, 0.4963741600513458, 0.6179876327514648, -0.6315935850143433, 0.45452314615249634, 0.6174560189247131, -0.6444951295852661, 0.6200289130210876, 0.7845550775527954, -0.23655855655670166, 0.3173253834247589, 0.8027693629264832, -0.23942811787128448, 0.8470028638839722, 0.8185055255889893, -0.5577559471130371, 0.24169781804084778, 1.084607720375061, -0.22773097455501556, 0.7104739546775818, 0.5452855229377747, -1.0805014371871948, 0.25017526745796204, 1.353733777999878, -0.4362502992153168, 0.6815892457962036, 0.47497621178627014, -1.2300549745559692, 0.22706422209739685, 1.4525673389434814, -0.5040091872215271, 0.6601253151893616, 0.47347503900527954, -1.1506059169769287, 0.2751618027687073, 1.4726314544677734, -0.5682606101036072, 0.6625877618789673, 0.49396055936813354, -1.077560305595398, 0.28799882531166077, 1.4371917247772217, -0.4767681062221527, 0.5697423219680786, 1.341747522354126, 0.051556091755628586, 0.36229291558265686, 1.3371000289916992, -0.044403284788131714, 0.5640708208084106, 1.7900354862213135, -0.0018128241645172238, 0.35706788301467896, 1.7638280391693115, -0.09890524297952652, 0.5594857335090637, 2.1417176723480225, 0.5930207967758179, 0.35470670461654663, 2.158569812774658, 0.22408315539360046, 0.562175452709198, 2.2000010013580322, 0.6560606360435486, 0.34858497977256775, 2.2271957397460938, 0.2520197033882141, 0.5406240820884705, 2.262266159057617, 0.42507126927375793, 0.38684025406837463, 2.273275375366211, -0.043401267379522324], "left_hand": [0.7114970684051514, 0.5367898344993591, 8.538004081515282e-09, 0.6794742941856384, 0.5342194437980652, -0.006498399190604687, 0.6466456055641174, 0.5122718214988708, -0.007134785410016775, 0.6239878535270691, 0.4932137429714203, -0.008440148085355759, 0.6072391867637634, 0.486402690410614, -0.009274041280150414, 0.646347165107727, 0.47613388299942017, 0.0030501550063490868, 0.6359795331954956, 0.44027259945869446, -0.0033709893468767405, 0.6331159472465515, 0.4170965254306793, -0.006793055217713118, 0.6309816837310791, 0.3972098231315613, -0.008451399393379688, 0.6613709330558777, 0.4650774598121643, 0.002016462618485093, 0.6532799005508423, 0.43177273869514465, -0.014104114845395088, 0.662471354007721, 0.4481504261493683, -0.02008807472884655, 0.669963538646698, 0.4681206941604614, -0.01846340112388134, 0.6772812008857727, 0.4560260772705078, -0.0003167014801874757, 0.6688878536224365, 0.4271772503852844, -0.014981519430875778, 0.6752716302871704, 0.4417288899421692, -0.016338950023055077, 0.680149257183075, 0.45810791850090027, -0.011533394455909729, 0.6948144435882568, 0.45129698514938354, -0.0029674621764570475, 0.6878212690353394, 0.4208140969276428, -0.010148601606488228, 0.6821364760398865, 0.4043760895729065, -0.011124863289296627, 0.6751789450645447, 0.392333447933197, -0.009329244494438171], "right_hand": [0.0, 0.0, 0.0, 0.0, 0.0, 0.0, 0.0, 0.0, 0.0, 0.0, 0.0, 0.0, 0.0, 0.0, 0.0, 0.0, 0.0, 0.0, 0.0, 0.0, 0.0, 0.0, 0.0, 0.0, 0.0, 0.0, 0.0, 0.0, 0.0, 0.0, 0.0, 0.0, 0.0, 0.0, 0.0, 0.0, 0.0, 0.0, 0.0, 0.0, 0.0, 0.0, 0.0, 0.0, 0.0, 0.0, 0.0, 0.0, 0.0, 0.0, 0.0, 0.0, 0.0, 0.0, 0.0, 0.0, 0.0, 0.0, 0.0, 0.0, 0.0, 0.0, 0.0]}