{"body_pose": [0.4771978557109833, 0.5833746790885925, -0.7458462119102478, 0.494523286819458, 0.5454282164573669, -0.6889737248420715, 0.5045684576034546, 0.5456397533416748, -0.6882638335227966, 0.5142537355422974, 0.5463249683380127, -0.6874428987503052, 0.4613059163093567, 0.5451170802116394, -0.6995314955711365, 0.4485417902469635, 0.5449087023735046, -0.6998903155326843, 0.436711847782135, 0.5450162887573242, -0.6997052431106567, 0.5277402400970459, 0.5669796466827393, -0.3681623339653015, 0.41888904571533203, 0.5612870454788208, -0.40704411268234253, 0.49636077880859375, 0.6181076765060425, -0.6268762350082397, 0.454509437084198, 0.6175052523612976, -0.6397634148597717, 0.6199210286140442, 0.7845468521118164, -0.22849757969379425, 0.3173191249370575, 0.8027434349060059, -0.2355201095342636, 0.846638023853302, 0.8166261315345764, -0.5535187125205994, 0.2417299747467041, 1.0835381746292114, -0.22409281134605408, 0.7103814482688904, 0.5450913906097412, -1.0723222494125366, 0.24975813925266266, 1.3533719778060913, -0.4322057366371155, 0.6815415024757385, 0.47456350922584534, -1.2209644317626953, 0.22667686641216278, 1.4517240524291992, -0.49943801760673523, 0.6601117253303528, 0.47326958179473877, -1.143405556678772, 0.27466875314712524, 1.4713400602340698, -0.5649086236953735, 0.6625351309776306, 0.4937034547328949, -1.0700567960739136, 0.28762444853782654, 1.4361279010772705, -0.47328653931617737, 0.5693573951721191, 1.3424360752105713, 0.05221736058592796, 0.3622809052467346, 1.3374547958374023, -0.04509945958852768, 0.5633479356765747, 1.789339542388916, -0.00304514542222023, 0.3568365275859833, 1.7630923986434937, -0.09174437820911407, 0.5557399392127991, 2.1428987979888916, 0.604028582572937, 0.3527062237262726, 2.160724401473999, 0.23420599102973938, 0.5574144124984741, 2.2007672786712646, 0.6690114140510559, 0.346286803483963, 2.229870557785034, 0.26208168268203735, 0.5377174615859985, 2.2657790184020996, 0.4393429160118103, 0.38394594192504883, 2.2762513160705566, -0.03738030046224594], "left_hand": [0.7109560370445251, 0.5366464853286743, 6.8324097490801705e-09, 0.6789603233337402, 0.53361976146698, -0.007089683786034584, 0.6459556221961975, 0.5125967264175415, -0.008319010958075523, 0.6231817603111267, 0.4942701458930969, -0.010040584951639175, 0.6064175963401794, 0.4875558316707611, -0.011206508614122868, 0.645432710647583, 0.47696179151535034, 0.0015601722989231348, 0.6355639100074768, 0.44102439284324646, -0.005566230043768883, 0.6329661011695862, 0.4177412688732147, -0.009128071367740631, 0.6310689449310303, 0.39781397581100464, -0.010746785439550877, 0.6606035232543945, 0.4663495123386383, 0.0007069548009894788, 0.6529250144958496, 0.43265819549560547, -0.015963608399033546, 0.6625760793685913, 0.4497893154621124, -0.021477211266756058, 0.6698482632637024, 0.469881534576416, -0.019413385540246964, 0.6766720414161682, 0.4576537609100342, -0.0015308561269193888, 0.6686222553253174, 0.4282255470752716, -0.01689404435455799, 0.6753883361816406, 0.4435756802558899, -0.017842750996351242, 0.6802520751953125, 0.46027058362960815, -0.01255726721137762, 0.694451093673706, 0.4534226059913635, -0.0041184201836586, 0.6873809695243835, 0.4230782091617584, -0.01188494823873043, 0.6816140413284302, 0.4062027931213379, -0.012974531389772892, 0.6745702028274536, 0.39309051632881165, -0.011145725846290588], "right_hand": [0.0, 0.0, 0.0, 0.0, 0.0, 0.0, 0.0, 0.0, 0.0, 0.0, 0.0, 0.0, 0.0, 0.0, 0.0, 0.0, 0.0, 0.0, 0.0, 0.0, 0.0, 0.0, 0.0, 0.0, 0.0, 0.0, 0.0, 0.0, 0.0, 0.0, 0.0, 0.0, 0.0, 0.0, 0.0, 0.0, 0.0, 0.0, 0.0, 0.0, 0.0, 0.0, 0.0, 0.0, 0.0, 0.0, 0.0, 0.0, 0.0, 0.0, 0.0, 0.0, 0.0, 0.0, 0.0, 0.0, 0.0, 0.0, 0.0, 0.0, 0.0, 0.0, 0.0]}