{"body_pose": [0.4775293469429016, 0.5843496322631836, -0.7358613014221191, 0.49474987387657166, 0.5459687113761902, -0.6776904463768005, 0.5047556161880493, 0.5460615158081055, -0.6769749522209167, 0.5144187808036804, 0.5466379523277283, -0.6761625409126282, 0.46180376410484314, 0.5458643436431885, -0.6915991902351379, 0.449031800031662, 0.5456609725952148, -0.6919650435447693, 0.43718239665031433, 0.5457277297973633, -0.6918051838874817, 0.5277343392372131, 0.5670046210289001, -0.3516896367073059, 0.4190520942211151, 0.5616236925125122, -0.40490034222602844, 0.49647560715675354, 0.6191584467887878, -0.614543616771698, 0.45488694310188293, 0.6184787750244141, -0.6317986845970154, 0.6196443438529968, 0.784303605556488, -0.2024199515581131, 0.3173252046108246, 0.8027923703193665, -0.2371446043252945, 0.8457253575325012, 0.8145697712898254, -0.5260493159294128, 0.2417975813150406, 1.083427906036377, -0.22664400935173035, 0.7102648615837097, 0.5427398085594177, -1.0710854530334473, 0.2525036036968231, 1.3548671007156372, -0.4334912598133087, 0.6815258264541626, 0.47341036796569824, -1.2161858081817627, 0.22776272892951965, 1.4680060148239136, -0.5015415549278259, 0.6600618362426758, 0.47166845202445984, -1.142441987991333, 0.27673882246017456, 1.4884560108184814, -0.5672023892402649, 0.6624583005905151, 0.49219459295272827, -1.068123459815979, 0.2894246578216553, 1.451011300086975, -0.4741986095905304, 0.5693017244338989, 1.3425482511520386, 0.055894408375024796, 0.3622872531414032, 1.338556170463562, -0.04883855581283569, 0.5645901560783386, 1.7884995937347412, -0.011714370921254158, 0.35737600922584534, 1.7666805982589722, -0.08991990238428116, 0.5600001215934753, 2.141835927963257, 0.6017241477966309, 0.3543878197669983, 2.166602849960327, 0.23484206199645996, 0.5619964003562927, 2.199748992919922, 0.6686010956764221, 0.3479997515678406, 2.23612117767334, 0.26297906041145325, 0.5438938140869141, 2.264214277267456, 0.4354460835456848, 0.3871378004550934, 2.2812304496765137, -0.03556346520781517], "left_hand": [0.711402177810669, 0.5361531376838684, 1.010327999040328e-08, 0.6794604659080505, 0.5343312621116638, -0.00707468343898654, 0.6461125612258911, 0.513117253780365, -0.008030527271330357, 0.6230964064598083, 0.4944460988044739, -0.009575053118169308, 0.6062031984329224, 0.4878523051738739, -0.01061928365379572, 0.6460062265396118, 0.4773983657360077, 0.0022533636074513197, 0.6354708671569824, 0.44157224893569946, -0.0046752565540373325, 0.6326830387115479, 0.4182276725769043, -0.008404918015003204, 0.6305039525032043, 0.39803603291511536, -0.010290629230439663, 0.6610054969787598, 0.4661794900894165, 0.00129413022659719, 0.6529008150100708, 0.43252089619636536, -0.015524320304393768, 0.661943793296814, 0.4491801857948303, -0.02171890065073967, 0.6694746017456055, 0.46974170207977295, -0.020237447693943977, 0.6768195033073425, 0.45714449882507324, -0.0010546887060627341, 0.6683927774429321, 0.4273669719696045, -0.016466448083519936, 0.6744474172592163, 0.44265225529670715, -0.018071578815579414, 0.6792168617248535, 0.46002861857414246, -0.013350903987884521, 0.6942959427833557, 0.45251718163490295, -0.0037615501787513494, 0.6872396469116211, 0.42191848158836365, -0.011522119864821434, 0.6811476349830627, 0.40532827377319336, -0.012922055087983608, 0.6739408373832703, 0.39317235350608826, -0.011446410790085793], "right_hand": [0.0, 0.0, 0.0, 0.0, 0.0, 0.0, 0.0, 0.0, 0.0, 0.0, 0.0, 0.0, 0.0, 0.0, 0.0, 0.0, 0.0, 0.0, 0.0, 0.0, 0.0, 0.0, 0.0, 0.0, 0.0, 0.0, 0.0, 0.0, 0.0, 0.0, 0.0, 0.0, 0.0, 0.0, 0.0, 0.0, 0.0, 0.0, 0.0, 0.0, 0.0, 0.0, 0.0, 0.0, 0.0, 0.0, 0.0, 0.0, 0.0, 0.0, 0.0, 0.0, 0.0, 0.0, 0.0, 0.0, 0.0, 0.0, 0.0, 0.0, 0.0, 0.0, 0.0]}