{"body_pose": [0.4775254428386688, 0.5848469734191895, -0.7368134260177612, 0.49474868178367615, 0.5461703538894653, -0.6788893938064575, 0.5047588348388672, 0.5462040305137634, -0.678186297416687, 0.5144266486167908, 0.5467306971549988, -0.6773800849914551, 0.4617960453033447, 0.5461711287498474, -0.6924331784248352, 0.44903019070625305, 0.5459831953048706, -0.6927979588508606, 0.4371846616268158, 0.5460578203201294, -0.6926356554031372, 0.5277289152145386, 0.5670267939567566, -0.3538372814655304, 0.4190620481967926, 0.5619394779205322, -0.4056825041770935, 0.4964751899242401, 0.6198766231536865, -0.6158734560012817, 0.45490527153015137, 0.6191425323486328, -0.6326835751533508, 0.6196408867835999, 0.7842922806739807, -0.20623067021369934, 0.3173311650753021, 0.8027560710906982, -0.2378222644329071, 0.8458994030952454, 0.8147972822189331, -0.5263445377349854, 0.24194958806037903, 1.0826810598373413, -0.22742770612239838, 0.7109344601631165, 0.5429584383964539, -1.066390872001648, 0.25402840971946716, 1.3552852869033813, -0.4329778552055359, 0.6821205019950867, 0.47344857454299927, -1.2128866910934448, 0.22792087495326996, 1.4663358926773071, -0.5006087422370911, 0.6603230834007263, 0.4719978868961334, -1.1378977298736572, 0.2768242061138153, 1.486983060836792, -0.5661994814872742, 0.6627057194709778, 0.49224695563316345, -1.0640473365783691, 0.2894623279571533, 1.4497487545013428, -0.47372865676879883, 0.5696882009506226, 1.3430907726287842, 0.05608976259827614, 0.362474650144577, 1.3395874500274658, -0.049036066979169846, 0.5662561655044556, 1.7908974885940552, -0.019370023161172867, 0.35977837443351746, 1.7712016105651855, -0.07940860837697983, 0.5639850497245789, 2.1496949195861816, 0.5823095440864563, 0.3589472770690918, 2.1714556217193604, 0.24800075590610504, 0.5662850737571716, 2.2087690830230713, 0.6469889879226685, 0.35300689935684204, 2.2412145137786865, 0.2759244740009308, 0.54792320728302, 2.2723793983459473, 0.4089721143245697, 0.3928697407245636, 2.2860019207000732, -0.02243698202073574], "left_hand": [0.7114141583442688, 0.5370725989341736, 1.410826566683454e-08, 0.6795654892921448, 0.5347560048103333, -0.0071068573743104935, 0.6466450691223145, 0.513792872428894, -0.008316406048834324, 0.6238168478012085, 0.4953781068325043, -0.010109984315931797, 0.6069679260253906, 0.48826882243156433, -0.01140021625906229, 0.6461159586906433, 0.47707685828208923, 0.0022840469609946012, 0.6361148357391357, 0.4414348006248474, -0.00441026221960783, 0.633150577545166, 0.41819462180137634, -0.00807618536055088, 0.6307893991470337, 0.3984430730342865, -0.009968205355107784, 0.6610893607139587, 0.4661910831928253, 0.0013127779820933938, 0.6529029011726379, 0.4329833686351776, -0.014987228438258171, 0.6619865894317627, 0.448889821767807, -0.021168090403079987, 0.6693893671035767, 0.4687768518924713, -0.019772745668888092, 0.6769471764564514, 0.4575071632862091, -0.0010079628555104136, 0.6688919067382812, 0.42811083793640137, -0.015876658260822296, 0.6748378276824951, 0.4419434070587158, -0.01740841194987297, 0.6793920993804932, 0.4582422971725464, -0.012790624983608723, 0.6945240497589111, 0.4532826542854309, -0.0036977725103497505, 0.6871000528335571, 0.4228852689266205, -0.011102855205535889, 0.6812946796417236, 0.40599629282951355, -0.012228145264089108, 0.6745941638946533, 0.39357131719589233, -0.010566771030426025], "right_hand": [0.0, 0.0, 0.0, 0.0, 0.0, 0.0, 0.0, 0.0, 0.0, 0.0, 0.0, 0.0, 0.0, 0.0, 0.0, 0.0, 0.0, 0.0, 0.0, 0.0, 0.0, 0.0, 0.0, 0.0, 0.0, 0.0, 0.0, 0.0, 0.0, 0.0, 0.0, 0.0, 0.0, 0.0, 0.0, 0.0, 0.0, 0.0, 0.0, 0.0, 0.0, 0.0, 0.0, 0.0, 0.0, 0.0, 0.0, 0.0, 0.0, 0.0, 0.0, 0.0, 0.0, 0.0, 0.0, 0.0, 0.0, 0.0, 0.0, 0.0, 0.0, 0.0, 0.0]}