{"body_pose": [0.4775964915752411, 0.5850887894630432, -0.7348189949989319, 0.4948270320892334, 0.5462272763252258, -0.6770421862602234, 0.5048510432243347, 0.5462325811386108, -0.6763406991958618, 0.5145282745361328, 0.546739399433136, -0.6755276918411255, 0.46186941862106323, 0.5462947487831116, -0.6904004812240601, 0.44910216331481934, 0.5461073517799377, -0.6907628178596497, 0.4372618496417999, 0.5461717844009399, -0.6905990242958069, 0.5277548432350159, 0.5670199990272522, -0.352376252412796, 0.4190954267978668, 0.5620239973068237, -0.4037564694881439, 0.4965400695800781, 0.620299756526947, -0.6140514016151428, 0.45500826835632324, 0.6194400191307068, -0.6307353377342224, 0.6195998787879944, 0.7841285467147827, -0.20600639283657074, 0.3174620270729065, 0.8025606870651245, -0.23586343228816986, 0.8465414643287659, 0.8154266476631165, -0.5232697129249573, 0.2423064410686493, 1.0825011730194092, -0.2223823368549347, 0.7111820578575134, 0.5426701307296753, -1.056838870048523, 0.2537437081336975, 1.357493281364441, -0.42343851923942566, 0.6821861863136292, 0.47351503372192383, -1.204629898071289, 0.22806251049041748, 1.4649105072021484, -0.489578515291214, 0.6603304147720337, 0.4724128246307373, -1.1253840923309326, 0.2769421637058258, 1.4852817058563232, -0.5557738542556763, 0.6627291440963745, 0.492193341255188, -1.0536609888076782, 0.2896312177181244, 1.4485441446304321, -0.46448105573654175, 0.5699577927589417, 1.3432055711746216, 0.056636180728673935, 0.3624665141105652, 1.3397523164749146, -0.049562275409698486, 0.5674535632133484, 1.79038667678833, -0.01843080297112465, 0.3604104816913605, 1.7710003852844238, -0.08048523962497711, 0.5656825304031372, 2.1482858657836914, 0.5834159851074219, 0.35985270142555237, 2.1708436012268066, 0.24231599271297455, 0.5679414868354797, 2.207212448120117, 0.6481512188911438, 0.35376498103141785, 2.240313768386841, 0.26970773935317993, 0.5502451062202454, 2.270632028579712, 0.41542676091194153, 0.39425212144851685, 2.2856199741363525, -0.028009282425045967], "left_hand": [0.7119919657707214, 0.5375034809112549, 2.7844779815211496e-09, 0.6804755926132202, 0.5350682139396667, -0.0068170465528965, 0.6477236151695251, 0.5132890343666077, -0.00766585860401392, 0.6254948377609253, 0.49452757835388184, -0.009015110321342945, 0.6091437339782715, 0.48692187666893005, -0.009823047555983067, 0.6476426720619202, 0.4773308038711548, 0.0015975723508745432, 0.6370143890380859, 0.4414951801300049, -0.004959809593856335, 0.6341366767883301, 0.41863247752189636, -0.00823547225445509, 0.6318707466125488, 0.39918234944343567, -0.00980066042393446, 0.6623038649559021, 0.4669724106788635, 0.0006502525648102164, 0.6540809273719788, 0.4331616759300232, -0.01547859888523817, 0.6631854176521301, 0.4489006996154785, -0.021223269402980804, 0.6705663204193115, 0.46868494153022766, -0.019590698182582855, 0.6779593229293823, 0.4585005044937134, -0.001576076028868556, 0.669230580329895, 0.42885562777519226, -0.016285277903079987, 0.6751922965049744, 0.4425064027309418, -0.0178084559738636, 0.6798043847084045, 0.45848873257637024, -0.013305522501468658, 0.6951716542243958, 0.45414233207702637, -0.004132481757551432, 0.6876882314682007, 0.42367079854011536, -0.011711365543305874, 0.6817165017127991, 0.4067656993865967, -0.013187767937779427, 0.6747277975082397, 0.3941778540611267, -0.011863835155963898], "right_hand": [0.0, 0.0, 0.0, 0.0, 0.0, 0.0, 0.0, 0.0, 0.0, 0.0, 0.0, 0.0, 0.0, 0.0, 0.0, 0.0, 0.0, 0.0, 0.0, 0.0, 0.0, 0.0, 0.0, 0.0, 0.0, 0.0, 0.0, 0.0, 0.0, 0.0, 0.0, 0.0, 0.0, 0.0, 0.0, 0.0, 0.0, 0.0, 0.0, 0.0, 0.0, 0.0, 0.0, 0.0, 0.0, 0.0, 0.0, 0.0, 0.0, 0.0, 0.0, 0.0, 0.0, 0.0, 0.0, 0.0, 0.0, 0.0, 0.0, 0.0, 0.0, 0.0, 0.0]}