{"body_pose": [0.4775816798210144, 0.5856159925460815, -0.71894371509552, 0.4947981536388397, 0.546577513217926, -0.6609345078468323, 0.5048316121101379, 0.5464776754379272, -0.6602510809898376, 0.5145097374916077, 0.546894907951355, -0.6594580411911011, 0.4618699550628662, 0.546803891658783, -0.6755361557006836, 0.44910550117492676, 0.5466074347496033, -0.6759018898010254, 0.43726930022239685, 0.5466365218162537, -0.6757397055625916, 0.5276237726211548, 0.5670351386070251, -0.33640503883361816, 0.4191026985645294, 0.5623375177383423, -0.39389023184776306, 0.4964982569217682, 0.6207312345504761, -0.5981634855270386, 0.4550187587738037, 0.6199445128440857, -0.616554856300354, 0.6191275715827942, 0.7835297584533691, -0.1899159699678421, 0.31747984886169434, 0.8025268316268921, -0.23048463463783264, 0.8461103439331055, 0.8156718611717224, -0.5024245977401733, 0.242380753159523, 1.0822899341583252, -0.22037629783153534, 0.7112699747085571, 0.5432050228118896, -1.0277267694473267, 0.25535327196121216, 1.3583706617355347, -0.42246657609939575, 0.6823320984840393, 0.47345495223999023, -1.1729656457901, 0.23263387382030487, 1.4641050100326538, -0.4891988933086395, 0.660466194152832, 0.4721844494342804, -1.0945488214492798, 0.28244537115097046, 1.484129548072815, -0.5528982281684875, 0.6628419160842896, 0.4925581216812134, -1.0246846675872803, 0.2942310869693756, 1.4474828243255615, -0.46223077178001404, 0.5702713131904602, 1.3434675931930542, 0.058086853474378586, 0.3626188337802887, 1.3408324718475342, -0.05104151740670204, 0.5694513320922852, 1.7902615070343018, -0.017927726730704308, 0.36265310645103455, 1.7721757888793945, -0.09223895519971848, 0.5698314905166626, 2.1484031677246094, 0.5838966965675354, 0.36378854513168335, 2.1726739406585693, 0.2250039428472519, 0.5721615552902222, 2.207503318786621, 0.6484147906303406, 0.35788634419441223, 2.2420811653137207, 0.25193747878074646, 0.5560494661331177, 2.270737648010254, 0.4174017012119293, 0.39959463477134705, 2.2881624698638916, -0.046506982296705246], "left_hand": [0.7127706408500671, 0.5376297235488892, 8.893534797493885e-09, 0.6813693642616272, 0.535277783870697, -0.007217269390821457, 0.6488490700721741, 0.5133837461471558, -0.008249271661043167, 0.6262540221214294, 0.4943826496601105, -0.009787661023437977, 0.6096011996269226, 0.4865839183330536, -0.010757534764707088, 0.6475155353546143, 0.47741955518722534, 0.0020189969800412655, 0.6373373866081238, 0.4417960047721863, -0.004602009896188974, 0.634447455406189, 0.41866087913513184, -0.007924172095954418, 0.6321476697921753, 0.39899367094039917, -0.009509445168077946, 0.6624881029129028, 0.4665980935096741, 0.0012705940753221512, 0.6544496417045593, 0.4332870543003082, -0.015161625109612942, 0.6639420986175537, 0.44965291023254395, -0.020981047302484512, 0.6715173721313477, 0.46975672245025635, -0.019200308248400688, 0.6783881187438965, 0.45786774158477783, -0.000830957549624145, 0.6701405048370361, 0.42888766527175903, -0.01603454351425171, 0.676317036151886, 0.44340500235557556, -0.017550991848111153, 0.6808576583862305, 0.45992782711982727, -0.012751651927828789, 0.6958574652671814, 0.4533785581588745, -0.0032629400957375765, 0.6888617277145386, 0.422882616519928, -0.011086947284638882, 0.683114230632782, 0.406314879655838, -0.012481282465159893, 0.6759575605392456, 0.39407816529273987, -0.010914755053818226], "right_hand": [0.0, 0.0, 0.0, 0.0, 0.0, 0.0, 0.0, 0.0, 0.0, 0.0, 0.0, 0.0, 0.0, 0.0, 0.0, 0.0, 0.0, 0.0, 0.0, 0.0, 0.0, 0.0, 0.0, 0.0, 0.0, 0.0, 0.0, 0.0, 0.0, 0.0, 0.0, 0.0, 0.0, 0.0, 0.0, 0.0, 0.0, 0.0, 0.0, 0.0, 0.0, 0.0, 0.0, 0.0, 0.0, 0.0, 0.0, 0.0, 0.0, 0.0, 0.0, 0.0, 0.0, 0.0, 0.0, 0.0, 0.0, 0.0, 0.0, 0.0, 0.0, 0.0, 0.0]}