{"body_pose": [0.47528961300849915, 0.5820560455322266, -0.7740251421928406, 0.4921453297138214, 0.5454165935516357, -0.7221947908401489, 0.5025039911270142, 0.5457117557525635, -0.7220461964607239, 0.5124788880348206, 0.5464662313461304, -0.7217060923576355, 0.45891523361206055, 0.5445274710655212, -0.7335823774337769, 0.4465329945087433, 0.5440710186958313, -0.7336863875389099, 0.4352577328681946, 0.5440289974212646, -0.7336679697036743, 0.525844395160675, 0.567037045955658, -0.41030293703079224, 0.41875743865966797, 0.5610077977180481, -0.45318111777305603, 0.4942739009857178, 0.6157273054122925, -0.656277596950531, 0.4535704553127289, 0.6147118806838989, -0.6704246401786804, 0.6207104921340942, 0.7855038046836853, -0.26191994547843933, 0.31871581077575684, 0.7966567277908325, -0.26984646916389465, 0.8507965207099915, 0.8291525840759277, -0.5605617165565491, 0.2419845163822174, 1.0784274339675903, -0.2518962621688843, 0.7084543108940125, 0.5484396815299988, -1.0500825643539429, 0.2506152391433716, 1.3449808359146118, -0.44659391045570374, 0.6774946451187134, 0.4785931408405304, -1.192460060119629, 0.22818943858146667, 1.4424750804901123, -0.5100396275520325, 0.6534591913223267, 0.4761059582233429, -1.1150987148284912, 0.27957573533058167, 1.4644465446472168, -0.5725731253623962, 0.6584997773170471, 0.4994194805622101, -1.046354055404663, 0.2929081618785858, 1.4287081956863403, -0.48523378372192383, 0.5430596470832825, 1.3189945220947266, 0.050176091492176056, 0.35912805795669556, 1.3182815313339233, -0.043496835976839066, 0.5598114728927612, 1.7595499753952026, -0.00648758327588439, 0.3579341471195221, 1.7390930652618408, -0.04606142267584801, 0.551006019115448, 2.1081933975219727, 0.5185277462005615, 0.35238704085350037, 2.1026837825775146, 0.2945151925086975, 0.5521188974380493, 2.1685492992401123, 0.5731071829795837, 0.3461834490299225, 2.1668832302093506, 0.3236396610736847, 0.531171441078186, 2.2248306274414062, 0.3344227969646454, 0.38433998823165894, 2.215690851211548, 0.040192630141973495], "left_hand": [0.7103910446166992, 0.5365463495254517, 2.634495466224962e-08, 0.6781905889511108, 0.534385621547699, -0.008543813601136208, 0.6442662477493286, 0.5121638178825378, -0.009575984440743923, 0.6201360821723938, 0.4929962754249573, -0.010752012021839619, 0.6024063229560852, 0.4854035973548889, -0.011166729032993317, 0.6406700015068054, 0.4787769019603729, 0.002657757606357336, 0.6299951672554016, 0.4431629180908203, -0.0033156948629766703, 0.6274566650390625, 0.4199182391166687, -0.006433464586734772, 0.6252942085266113, 0.40017998218536377, -0.007959085516631603, 0.6556801795959473, 0.46719062328338623, 0.0028302674181759357, 0.6474165320396423, 0.4333028197288513, -0.012593586929142475, 0.6589352488517761, 0.44657957553863525, -0.018490871414542198, 0.6679239869117737, 0.4648437798023224, -0.016963787376880646, 0.6715031266212463, 0.4577668607234955, 0.0015232221921905875, 0.6632391214370728, 0.42912089824676514, -0.012562578544020653, 0.6715048551559448, 0.44033387303352356, -0.01402420736849308, 0.6774596571922302, 0.45447343587875366, -0.009511168114840984, 0.6892363429069519, 0.45274606347084045, -0.00028690003091469407, 0.6815593838691711, 0.4232543110847473, -0.007060865871608257, 0.6760905385017395, 0.40680351853370667, -0.00809932965785265, 0.6692567467689514, 0.3947036862373352, -0.006474445573985577], "right_hand": [0.0, 0.0, 0.0, 0.0, 0.0, 0.0, 0.0, 0.0, 0.0, 0.0, 0.0, 0.0, 0.0, 0.0, 0.0, 0.0, 0.0, 0.0, 0.0, 0.0, 0.0, 0.0, 0.0, 0.0, 0.0, 0.0, 0.0, 0.0, 0.0, 0.0, 0.0, 0.0, 0.0, 0.0, 0.0, 0.0, 0.0, 0.0, 0.0, 0.0, 0.0, 0.0, 0.0, 0.0, 0.0, 0.0, 0.0, 0.0, 0.0, 0.0, 0.0, 0.0, 0.0, 0.0, 0.0, 0.0, 0.0, 0.0, 0.0, 0.0, 0.0, 0.0, 0.0]}