{"body_pose": [0.47759178280830383, 0.585624098777771, -0.702474057674408, 0.4948282539844513, 0.5465806126594543, -0.6423285603523254, 0.504879891872406, 0.546480119228363, -0.6416162848472595, 0.5145806074142456, 0.5468961000442505, -0.6407666206359863, 0.4618803858757019, 0.5467904806137085, -0.6577092409133911, 0.4491114914417267, 0.5465839505195618, -0.658069908618927, 0.4372725784778595, 0.5466122031211853, -0.657905638217926, 0.5276511907577515, 0.5670320987701416, -0.3118833005428314, 0.41910505294799805, 0.5623398423194885, -0.3729199469089508, 0.496511846780777, 0.6208142042160034, -0.5801381468772888, 0.4550204277038574, 0.6199734210968018, -0.5995168685913086, 0.6189457178115845, 0.7835870385169983, -0.1600114107131958, 0.31733784079551697, 0.8024972677230835, -0.21090373396873474, 0.8460915684700012, 0.8160008788108826, -0.4746815860271454, 0.24141712486743927, 1.0829474925994873, -0.20603394508361816, 0.7112489342689514, 0.5419870615005493, -1.014122724533081, 0.2562355697154999, 1.3614912033081055, -0.4221605658531189, 0.682365357875824, 0.4724273681640625, -1.1606462001800537, 0.2356947958469391, 1.465975284576416, -0.49048274755477905, 0.6604534387588501, 0.4714738726615906, -1.0824198722839355, 0.28597038984298706, 1.485203742980957, -0.5529654622077942, 0.6628209948539734, 0.49196135997772217, -1.0116597414016724, 0.2969931960105896, 1.4482064247131348, -0.46146678924560547, 0.5702614188194275, 1.3446123600006104, 0.06098988279700279, 0.3620893657207489, 1.341958999633789, -0.053822875022888184, 0.5695620179176331, 1.7912572622299194, -0.026601849123835564, 0.36263710260391235, 1.772029161453247, -0.10728762298822403, 0.5699524283409119, 2.157083511352539, 0.5813083052635193, 0.36374813318252563, 2.1779866218566895, 0.2074667513370514, 0.572247326374054, 2.2180116176605225, 0.6462553143501282, 0.35781344771385193, 2.2487690448760986, 0.23393335938453674, 0.5562680959701538, 2.2796969413757324, 0.4124501347541809, 0.399638831615448, 2.293761730194092, -0.07133395969867706], "left_hand": [0.7130536437034607, 0.5378379821777344, 5.941303893308714e-09, 0.6814269423484802, 0.5353953838348389, -0.007074675057083368, 0.6487534642219543, 0.513521671295166, -0.007994411513209343, 0.6264477372169495, 0.4941638708114624, -0.00936547014862299, 0.6100661158561707, 0.4865667223930359, -0.010149595327675343, 0.647683322429657, 0.4782383143901825, 0.0016103700036183, 0.6375051140785217, 0.442351758480072, -0.0053930748254060745, 0.6349228024482727, 0.4189203977584839, -0.008857806213200092, 0.6332254409790039, 0.398920476436615, -0.01032503042370081, 0.6626412272453308, 0.46704044938087463, 0.0008856931235641241, 0.654427707195282, 0.432889461517334, -0.015617999248206615, 0.6640645861625671, 0.44966650009155273, -0.02110905572772026, 0.671981155872345, 0.4699828624725342, -0.01895144023001194, 0.6786512136459351, 0.45793965458869934, -0.0011788207339122891, 0.6702821254730225, 0.4282664656639099, -0.016351640224456787, 0.6772662997245789, 0.4438144266605377, -0.017259197309613228, 0.682705283164978, 0.4608314633369446, -0.011876652017235756, 0.6963886618614197, 0.45327016711235046, -0.0035923453979194164, 0.6888716816902161, 0.4224577248096466, -0.011053258553147316, 0.682790994644165, 0.40611931681632996, -0.011909235268831253, 0.6754692792892456, 0.3937716484069824, -0.009884538128972054], "right_hand": [0.0, 0.0, 0.0, 0.0, 0.0, 0.0, 0.0, 0.0, 0.0, 0.0, 0.0, 0.0, 0.0, 0.0, 0.0, 0.0, 0.0, 0.0, 0.0, 0.0, 0.0, 0.0, 0.0, 0.0, 0.0, 0.0, 0.0, 0.0, 0.0, 0.0, 0.0, 0.0, 0.0, 0.0, 0.0, 0.0, 0.0, 0.0, 0.0, 0.0, 0.0, 0.0, 0.0, 0.0, 0.0, 0.0, 0.0, 0.0, 0.0, 0.0, 0.0, 0.0, 0.0, 0.0, 0.0, 0.0, 0.0, 0.0, 0.0, 0.0, 0.0, 0.0, 0.0]}