{"body_pose": [0.4775630533695221, 0.5858712196350098, -0.709989070892334, 0.49479082226753235, 0.5466579794883728, -0.6490058302879333, 0.5048763751983643, 0.5465297102928162, -0.6483357548713684, 0.5145846605300903, 0.5469218492507935, -0.6475211977958679, 0.46173959970474243, 0.5469104051589966, -0.6667031049728394, 0.4489656090736389, 0.5467050075531006, -0.6670879125595093, 0.43712717294692993, 0.5467219948768616, -0.6669637560844421, 0.5276646614074707, 0.5670441389083862, -0.31371670961380005, 0.4190181791782379, 0.5624113082885742, -0.38468098640441895, 0.4965159595012665, 0.6212088465690613, -0.5849876403808594, 0.45501708984375, 0.6202799677848816, -0.607487678527832, 0.6187840104103088, 0.7835900187492371, -0.17224785685539246, 0.3172062933444977, 0.8025027513504028, -0.22553621232509613, 0.8467004895210266, 0.8162522315979004, -0.48545411229133606, 0.2410353273153305, 1.0829200744628906, -0.22181987762451172, 0.7113808989524841, 0.54233717918396, -1.01759672164917, 0.25612401962280273, 1.3620017766952515, -0.4389827847480774, 0.6824191212654114, 0.47300636768341064, -1.1639131307601929, 0.2357015311717987, 1.4656428098678589, -0.5081458687782288, 0.6604427099227905, 0.47213977575302124, -1.086992859840393, 0.2858826220035553, 1.4845367670059204, -0.5706855654716492, 0.6628047227859497, 0.49266111850738525, -1.0155304670333862, 0.29696863889694214, 1.4476783275604248, -0.4777553081512451, 0.5526621341705322, 1.3434737920761108, 0.06249114125967026, 0.3617681562900543, 1.3426661491394043, -0.05537568777799606, 0.5696626901626587, 1.79604971408844, -0.011844880878925323, 0.36263254284858704, 1.7738953828811646, -0.10948909819126129, 0.5696311593055725, 2.157445192337036, 0.6146163940429688, 0.363694429397583, 2.1775217056274414, 0.21195590496063232, 0.5719491243362427, 2.21728777885437, 0.6810131072998047, 0.35778120160102844, 2.247258424758911, 0.23905932903289795, 0.5561358332633972, 2.2805769443511963, 0.4520397186279297, 0.3998616337776184, 2.2945849895477295, -0.0642373338341713], "left_hand": [0.7143193483352661, 0.5375426411628723, 2.820465994091137e-08, 0.6823069453239441, 0.5356777310371399, -0.00813633669167757, 0.6499128341674805, 0.5137657523155212, -0.009968921542167664, 0.6271980404853821, 0.49412262439727783, -0.012169978581368923, 0.60993891954422, 0.48614969849586487, -0.013783018104732037, 0.64799565076828, 0.47854283452033997, 0.0012572541600093246, 0.6375718116760254, 0.44257670640945435, -0.005881496239453554, 0.6349449753761292, 0.4190186858177185, -0.009963138960301876, 0.632794976234436, 0.39869436621665955, -0.012047077529132366, 0.6630181074142456, 0.46764904260635376, 0.0006029499927535653, 0.6544955372810364, 0.4330689311027527, -0.016165150329470634, 0.6634348630905151, 0.44891244173049927, -0.02270805649459362, 0.6705832481384277, 0.4689461290836334, -0.021404076367616653, 0.6790980100631714, 0.45877429842948914, -0.0014178107958287, 0.6704530715942383, 0.42804181575775146, -0.016512777656316757, 0.6766971945762634, 0.4421173334121704, -0.01795186661183834, 0.6813809275627136, 0.4585631191730499, -0.013111790642142296, 0.69697505235672, 0.45425164699554443, -0.003916263580322266, 0.6889699697494507, 0.42316704988479614, -0.011211344972252846, 0.6829201579093933, 0.40604010224342346, -0.01205049641430378, 0.675810694694519, 0.39287421107292175, -0.010092006996273994], "right_hand": [0.0, 0.0, 0.0, 0.0, 0.0, 0.0, 0.0, 0.0, 0.0, 0.0, 0.0, 0.0, 0.0, 0.0, 0.0, 0.0, 0.0, 0.0, 0.0, 0.0, 0.0, 0.0, 0.0, 0.0, 0.0, 0.0, 0.0, 0.0, 0.0, 0.0, 0.0, 0.0, 0.0, 0.0, 0.0, 0.0, 0.0, 0.0, 0.0, 0.0, 0.0, 0.0, 0.0, 0.0, 0.0, 0.0, 0.0, 0.0, 0.0, 0.0, 0.0, 0.0, 0.0, 0.0, 0.0, 0.0, 0.0, 0.0, 0.0, 0.0, 0.0, 0.0, 0.0]}