{"body_pose": [0.477581262588501, 0.5859774947166443, -0.6805316805839539, 0.49480122327804565, 0.5467038154602051, -0.6217512488365173, 0.5048885345458984, 0.5465611219406128, -0.6210536956787109, 0.5145941376686096, 0.5469365119934082, -0.6202294230461121, 0.46175509691238403, 0.5469598770141602, -0.6363014578819275, 0.44897860288619995, 0.5467456579208374, -0.6366586089134216, 0.4371365010738373, 0.5467591285705566, -0.6364851593971252, 0.5275866389274597, 0.5670433640480042, -0.3020918667316437, 0.4190170168876648, 0.5624858140945435, -0.3595985472202301, 0.49653246998786926, 0.6213335394859314, -0.5628259181976318, 0.4550309479236603, 0.6204037666320801, -0.5811671614646912, 0.6184378266334534, 0.7835409641265869, -0.1678660809993744, 0.31706514954566956, 0.8024866580963135, -0.20840443670749664, 0.8466920852661133, 0.8163867592811584, -0.4786281883716583, 0.24106690287590027, 1.0828328132629395, -0.20836162567138672, 0.7117300033569336, 0.5427312850952148, -0.9870815873146057, 0.2561089098453522, 1.3617793321609497, -0.41401639580726624, 0.6826022267341614, 0.47353604435920715, -1.1283011436462402, 0.2356761395931244, 1.4655702114105225, -0.4804677367210388, 0.6605381965637207, 0.4724529981613159, -1.0504192113876343, 0.28587454557418823, 1.4843833446502686, -0.5387653112411499, 0.6629385948181152, 0.49286922812461853, -0.9844262003898621, 0.2970612645149231, 1.4475663900375366, -0.4520077407360077, 0.5541791915893555, 1.3444581031799316, 0.062386464327573776, 0.36083081364631653, 1.3426148891448975, -0.05527094006538391, 0.5670205950737, 1.7964974641799927, -0.016982529312372208, 0.3606070578098297, 1.7735848426818848, -0.11229109019041061, 0.5634536743164062, 2.157601833343506, 0.5980228781700134, 0.35938215255737305, 2.176360845565796, 0.1983684003353119, 0.5653748512268066, 2.2169878482818604, 0.6641896963119507, 0.3535015285015106, 2.2459304332733154, 0.2245345264673233, 0.5485192537307739, 2.2818551063537598, 0.4441191554069519, 0.39390698075294495, 2.2937328815460205, -0.07456148415803909], "left_hand": [0.7143364548683167, 0.5379317998886108, 8.57778736929049e-09, 0.6828194856643677, 0.5355808734893799, -0.007330745924264193, 0.6498193144798279, 0.5135326385498047, -0.008381201885640621, 0.62703537940979, 0.4945198893547058, -0.009873658418655396, 0.6103258728981018, 0.48761120438575745, -0.010811408050358295, 0.6490092277526855, 0.4777531027793884, 0.0014519605319947004, 0.6387525796890259, 0.44184279441833496, -0.005201980471611023, 0.635830283164978, 0.41868191957473755, -0.00854199193418026, 0.6335939168930054, 0.3986993134021759, -0.010129579342901707, 0.6638066172599792, 0.4670194387435913, 0.0007205630536191165, 0.6558845639228821, 0.4333696961402893, -0.01572510413825512, 0.6648499965667725, 0.45041850209236145, -0.021448904648423195, 0.6719070672988892, 0.4705141484737396, -0.01954173482954502, 0.6796029806137085, 0.45831286907196045, -0.0013256561942398548, 0.6717565059661865, 0.4285429120063782, -0.016349416226148605, 0.6778897047042847, 0.4433223307132721, -0.01758856326341629, 0.6821705102920532, 0.45956358313560486, -0.012623384594917297, 0.6972500085830688, 0.45381245017051697, -0.003735056845471263, 0.6899659037590027, 0.4232307970523834, -0.01122669130563736, 0.6841433644294739, 0.40675410628318787, -0.012242529541254044, 0.677042543888092, 0.3940747380256653, -0.010401506908237934], "right_hand": [0.0, 0.0, 0.0, 0.0, 0.0, 0.0, 0.0, 0.0, 0.0, 0.0, 0.0, 0.0, 0.0, 0.0, 0.0, 0.0, 0.0, 0.0, 0.0, 0.0, 0.0, 0.0, 0.0, 0.0, 0.0, 0.0, 0.0, 0.0, 0.0, 0.0, 0.0, 0.0, 0.0, 0.0, 0.0, 0.0, 0.0, 0.0, 0.0, 0.0, 0.0, 0.0, 0.0, 0.0, 0.0, 0.0, 0.0, 0.0, 0.0, 0.0, 0.0, 0.0, 0.0, 0.0, 0.0, 0.0, 0.0, 0.0, 0.0, 0.0, 0.0, 0.0, 0.0]}