{"body_pose": [0.47765761613845825, 0.5864099264144897, -0.6820200681686401, 0.4948635995388031, 0.547028124332428, -0.622787356376648, 0.5049402117729187, 0.5468336939811707, -0.6220995187759399, 0.5146415829658508, 0.5471495985984802, -0.6213040947914124, 0.46195557713508606, 0.5472536087036133, -0.6377154588699341, 0.4491739869117737, 0.5469815135002136, -0.6380742192268372, 0.4372837543487549, 0.5469411611557007, -0.6378995776176453, 0.5275841355323792, 0.5671599507331848, -0.29770272970199585, 0.4190354347229004, 0.5625981688499451, -0.35752612352371216, 0.4965662658214569, 0.6218023300170898, -0.5617302656173706, 0.4550988972187042, 0.620722770690918, -0.5806720852851868, 0.6183677911758423, 0.7835213541984558, -0.15295282006263733, 0.31707948446273804, 0.8024449944496155, -0.20254625380039215, 0.8475703597068787, 0.8179333806037903, -0.4581950008869171, 0.24139168858528137, 1.0827527046203613, -0.1978013664484024, 0.712065577507019, 0.543462872505188, -0.9759314656257629, 0.25762346386909485, 1.3616156578063965, -0.4048749804496765, 0.6826567649841309, 0.474247008562088, -1.1194874048233032, 0.23846589028835297, 1.4651062488555908, -0.4717840254306793, 0.6605483293533325, 0.4731447100639343, -1.0430629253387451, 0.2881544530391693, 1.4840091466903687, -0.5319212675094604, 0.6629636883735657, 0.49355027079582214, -0.9736596941947937, 0.2990790009498596, 1.4473764896392822, -0.442764014005661, 0.5604977011680603, 1.3448641300201416, 0.06344733387231827, 0.36159244179725647, 1.342924952507019, -0.056390173733234406, 0.5715225338935852, 1.79574716091156, -0.021135175600647926, 0.36366578936576843, 1.7741202116012573, -0.10535405576229095, 0.5699673295021057, 2.157447576522827, 0.5967647433280945, 0.3636227548122406, 2.1791818141937256, 0.20019476115703583, 0.5714458227157593, 2.2168047428131104, 0.6623162031173706, 0.3578573167324066, 2.249382495880127, 0.22507596015930176, 0.5583155751228333, 2.281013011932373, 0.4399532675743103, 0.39890924096107483, 2.2961080074310303, -0.07101567089557648], "left_hand": [0.7140418887138367, 0.5373667478561401, 6.393303220164626e-09, 0.6820604205131531, 0.5353113412857056, -0.006760884076356888, 0.6496595740318298, 0.5137637853622437, -0.007759068161249161, 0.6275659203529358, 0.49480313062667847, -0.009385722689330578, 0.611181914806366, 0.487457811832428, -0.010494098998606205, 0.6491725444793701, 0.47761180996894836, 0.002132812049239874, 0.6386520862579346, 0.44195306301116943, -0.005147725343704224, 0.6359723210334778, 0.41846996545791626, -0.009061791934072971, 0.6342173218727112, 0.39825692772865295, -0.01084155309945345, 0.6639938354492188, 0.4667831361293793, 0.001063929288648069, 0.6559538245201111, 0.43308699131011963, -0.01577027142047882, 0.6652870774269104, 0.4501523971557617, -0.021588360890746117, 0.6730287671089172, 0.4708780348300934, -0.0196395143866539, 0.6798268556594849, 0.45787644386291504, -0.0013734739040955901, 0.6716615557670593, 0.4283909201622009, -0.016635971143841743, 0.6784279942512512, 0.4439612329006195, -0.01759682595729828, 0.6837989091873169, 0.46110644936561584, -0.01228000782430172, 0.6974119544029236, 0.4532734453678131, -0.0041840351186692715, 0.690269410610199, 0.42277035117149353, -0.011564904823899269, 0.6843709945678711, 0.4065217673778534, -0.012284251861274242, 0.677390992641449, 0.39431947469711304, -0.010185125283896923], "right_hand": [0.0, 0.0, 0.0, 0.0, 0.0, 0.0, 0.0, 0.0, 0.0, 0.0, 0.0, 0.0, 0.0, 0.0, 0.0, 0.0, 0.0, 0.0, 0.0, 0.0, 0.0, 0.0, 0.0, 0.0, 0.0, 0.0, 0.0, 0.0, 0.0, 0.0, 0.0, 0.0, 0.0, 0.0, 0.0, 0.0, 0.0, 0.0, 0.0, 0.0, 0.0, 0.0, 0.0, 0.0, 0.0, 0.0, 0.0, 0.0, 0.0, 0.0, 0.0, 0.0, 0.0, 0.0, 0.0, 0.0, 0.0, 0.0, 0.0, 0.0, 0.0, 0.0, 0.0]}