{"body_pose": [0.4776591956615448, 0.5871673822402954, -0.684984564781189, 0.4948662221431732, 0.5475548505783081, -0.6271198987960815, 0.5049469470977783, 0.547305166721344, -0.6264320015907288, 0.5146529078483582, 0.5475461483001709, -0.625632107257843, 0.461957722902298, 0.5477197170257568, -0.6422481536865234, 0.4491768181324005, 0.5473904609680176, -0.6426122784614563, 0.43728750944137573, 0.547287106513977, -0.6424452662467957, 0.5275800824165344, 0.5673237442970276, -0.30605122447013855, 0.41903749108314514, 0.56281977891922, -0.3643270432949066, 0.4965796172618866, 0.6226300001144409, -0.5661391019821167, 0.4551014304161072, 0.6214015483856201, -0.5851842164993286, 0.6181245446205139, 0.7834765911102295, -0.16160500049591064, 0.31708282232284546, 0.8023456931114197, -0.20292507112026215, 0.8479955792427063, 0.8179648518562317, -0.46416208148002625, 0.24141661822795868, 1.0827101469039917, -0.19985587894916534, 0.7121086716651917, 0.5433802008628845, -0.9621598124504089, 0.25821012258529663, 1.361116647720337, -0.40405967831611633, 0.6826537251472473, 0.4739464521408081, -1.1007856130599976, 0.23943975567817688, 1.463513731956482, -0.4698127210140228, 0.6604902148246765, 0.47267621755599976, -1.0234795808792114, 0.2894032299518585, 1.4824684858322144, -0.5270115733146667, 0.6629205346107483, 0.49319159984588623, -0.9591308832168579, 0.300383985042572, 1.4459389448165894, -0.4409373104572296, 0.5611638426780701, 1.3448563814163208, 0.06401767581701279, 0.3614741265773773, 1.3428819179534912, -0.05700624734163284, 0.5714771151542664, 1.795544147491455, -0.00459920521825552, 0.3636724650859833, 1.7740176916122437, -0.10320115834474564, 0.5696608424186707, 2.1568853855133057, 0.5975220799446106, 0.3635973036289215, 2.178321599960327, 0.20133069157600403, 0.5709555745124817, 2.2164011001586914, 0.6623449921607971, 0.357807457447052, 2.248361825942993, 0.22659948468208313, 0.557853639125824, 2.2802326679229736, 0.4419323801994324, 0.3989041745662689, 2.2952446937561035, -0.06821422278881073], "left_hand": [0.7144257426261902, 0.538112998008728, 1.4146186444463638e-08, 0.6827797889709473, 0.5363593697547913, -0.007138533052057028, 0.649952232837677, 0.5147322416305542, -0.008397255092859268, 0.6276277303695679, 0.4957778751850128, -0.010117165744304657, 0.6112238168716431, 0.48875027894973755, -0.011314727365970612, 0.6495319604873657, 0.4784122705459595, 0.0017382249934598804, 0.6392938494682312, 0.4428238570690155, -0.004878510255366564, 0.6361019611358643, 0.41945508122444153, -0.008432799950242043, 0.6335580945014954, 0.3994665741920471, -0.010227405466139317, 0.6644696593284607, 0.46733975410461426, 0.0008433071780018508, 0.6558237671852112, 0.4336366057395935, -0.015307187102735043, 0.6647478938102722, 0.44930416345596313, -0.021242734044790268, 0.6725190877914429, 0.4692815840244293, -0.019697953015565872, 0.6804174184799194, 0.45840954780578613, -0.0013442330528050661, 0.6716035604476929, 0.42871177196502686, -0.015979211777448654, 0.6772761940956116, 0.44247645139694214, -0.01746082864701748, 0.6821014881134033, 0.45876872539520264, -0.012883756309747696, 0.6980738043785095, 0.4538804888725281, -0.003897618968039751, 0.6907027363777161, 0.42295682430267334, -0.011029173620045185, 0.6844418048858643, 0.40596914291381836, -0.012162096798419952, 0.677304208278656, 0.39338716864585876, -0.010621882975101471], "right_hand": [0.0, 0.0, 0.0, 0.0, 0.0, 0.0, 0.0, 0.0, 0.0, 0.0, 0.0, 0.0, 0.0, 0.0, 0.0, 0.0, 0.0, 0.0, 0.0, 0.0, 0.0, 0.0, 0.0, 0.0, 0.0, 0.0, 0.0, 0.0, 0.0, 0.0, 0.0, 0.0, 0.0, 0.0, 0.0, 0.0, 0.0, 0.0, 0.0, 0.0, 0.0, 0.0, 0.0, 0.0, 0.0, 0.0, 0.0, 0.0, 0.0, 0.0, 0.0, 0.0, 0.0, 0.0, 0.0, 0.0, 0.0, 0.0, 0.0, 0.0, 0.0, 0.0, 0.0]}