{"body_pose": [0.4777998626232147, 0.5870034098625183, -0.6868907809257507, 0.49511557817459106, 0.5474405288696289, -0.6276038885116577, 0.5052198171615601, 0.5472394227981567, -0.6269406080245972, 0.5149504542350769, 0.5475021004676819, -0.6261738538742065, 0.4620681703090668, 0.5473817586898804, -0.6424307823181152, 0.4492499828338623, 0.5469770431518555, -0.6427868604660034, 0.43732866644859314, 0.5468423962593079, -0.6426092982292175, 0.527693510055542, 0.5673250555992126, -0.30209973454475403, 0.41904571652412415, 0.5625725984573364, -0.36115437746047974, 0.4966701567173004, 0.6226248145103455, -0.5669404864311218, 0.455113023519516, 0.621331512928009, -0.5858639478683472, 0.618090033531189, 0.7839016318321228, -0.15826205909252167, 0.31687214970588684, 0.8023380041122437, -0.20219223201274872, 0.8491792678833008, 0.8189593553543091, -0.4598744809627533, 0.24174681305885315, 1.0832663774490356, -0.1985582411289215, 0.7127506136894226, 0.543731689453125, -0.9665938019752502, 0.25996536016464233, 1.3613473176956177, -0.4058903157711029, 0.6828566193580627, 0.4743359386920929, -1.1080342531204224, 0.24169978499412537, 1.4633276462554932, -0.4722763001918793, 0.6605528593063354, 0.47312888503074646, -1.031544804573059, 0.2915502190589905, 1.482170581817627, -0.5311523079872131, 0.6629923582077026, 0.49362632632255554, -0.9640254974365234, 0.30267569422721863, 1.445685863494873, -0.44338828325271606, 0.564909815788269, 1.3473429679870605, 0.06393348425626755, 0.36157360672950745, 1.3448240756988525, -0.056919269263744354, 0.5725988149642944, 1.7966647148132324, -0.013245337642729282, 0.36428457498550415, 1.7750070095062256, -0.1321534514427185, 0.5703293085098267, 2.1575398445129395, 0.6019224524497986, 0.36400315165519714, 2.1800715923309326, 0.18880867958068848, 0.5715429186820984, 2.216758966445923, 0.668572723865509, 0.3582225739955902, 2.249934434890747, 0.21554920077323914, 0.5583557486534119, 2.281867265701294, 0.4464726150035858, 0.39933615922927856, 2.2983665466308594, -0.09088879823684692], "left_hand": [0.7156479954719543, 0.5373827815055847, 7.298192272742199e-09, 0.6839033365249634, 0.5359055399894714, -0.0074030631221830845, 0.6503274440765381, 0.51441490650177, -0.008349750190973282, 0.6273466944694519, 0.49590766429901123, -0.009566452354192734, 0.6106478571891785, 0.48994290828704834, -0.010147558525204659, 0.6486160159111023, 0.4784865975379944, 0.00139036204200238, 0.6385437846183777, 0.44329386949539185, -0.005447944160550833, 0.6360189318656921, 0.41955631971359253, -0.008763281628489494, 0.633979856967926, 0.3991442024707794, -0.010245437733829021, 0.6636244058609009, 0.4672566056251526, 0.0007244045846164227, 0.6551796197891235, 0.43313345313072205, -0.01566798985004425, 0.6660875678062439, 0.4505665898323059, -0.020770037546753883, 0.6741184592247009, 0.4709843695163727, -0.018272338435053825, 0.679770290851593, 0.45846322178840637, -0.001333538326434791, 0.6714442372322083, 0.4291963577270508, -0.016657108440995216, 0.6790651082992554, 0.4444061815738678, -0.017558487132191658, 0.6840680241584778, 0.4608902633190155, -0.012120610103011131, 0.6976926922798157, 0.4542786777019501, -0.003730866126716137, 0.6900219321250916, 0.42363977432250977, -0.01142991241067648, 0.6841148734092712, 0.40718090534210205, -0.012438056990504265, 0.6764112114906311, 0.39462706446647644, -0.010539651848375797], "right_hand": [0.0, 0.0, 0.0, 0.0, 0.0, 0.0, 0.0, 0.0, 0.0, 0.0, 0.0, 0.0, 0.0, 0.0, 0.0, 0.0, 0.0, 0.0, 0.0, 0.0, 0.0, 0.0, 0.0, 0.0, 0.0, 0.0, 0.0, 0.0, 0.0, 0.0, 0.0, 0.0, 0.0, 0.0, 0.0, 0.0, 0.0, 0.0, 0.0, 0.0, 0.0, 0.0, 0.0, 0.0, 0.0, 0.0, 0.0, 0.0, 0.0, 0.0, 0.0, 0.0, 0.0, 0.0, 0.0, 0.0, 0.0, 0.0, 0.0, 0.0, 0.0, 0.0, 0.0]}