{"body_pose": [0.47775277495384216, 0.5872630476951599, -0.7093761563301086, 0.4950607419013977, 0.5476589202880859, -0.6494213938713074, 0.5051958560943604, 0.5474262833595276, -0.6487187743186951, 0.514936089515686, 0.547648012638092, -0.6479179263114929, 0.46194329857826233, 0.547615110874176, -0.6665066480636597, 0.44912081956863403, 0.5472098588943481, -0.6668868660926819, 0.43719956278800964, 0.5470677018165588, -0.6667333245277405, 0.5276924967765808, 0.567449152469635, -0.31919583678245544, 0.4189251959323883, 0.5628384351730347, -0.38759201765060425, 0.49667128920555115, 0.6228518486022949, -0.5871230959892273, 0.45509353280067444, 0.6215599179267883, -0.6084910035133362, 0.6180726289749146, 0.7839969992637634, -0.16594131290912628, 0.31664127111434937, 0.802516520023346, -0.23058819770812988, 0.8494526147842407, 0.8191883563995361, -0.474355012178421, 0.24158057570457458, 1.0834623575210571, -0.23544493317604065, 0.7127404808998108, 0.5440195798873901, -0.9972337484359741, 0.25914081931114197, 1.3625268936157227, -0.4450724422931671, 0.6828521490097046, 0.4746812582015991, -1.142025351524353, 0.2405213564634323, 1.4643911123275757, -0.5147988796234131, 0.6605442762374878, 0.47345662117004395, -1.064799189567566, 0.29064562916755676, 1.483478307723999, -0.5743585228919983, 0.6629881262779236, 0.4939482808113098, -0.9952586889266968, 0.30182307958602905, 1.4466921091079712, -0.48316091299057007, 0.5665217041969299, 1.3474630117416382, 0.065373994410038, 0.3617660105228424, 1.3449945449829102, -0.058361299335956573, 0.572938084602356, 1.797462821006775, -0.01063148770481348, 0.3654171824455261, 1.7757540941238403, -0.09980285167694092, 0.5710964202880859, 2.1610522270202637, 0.6008977890014648, 0.36586233973503113, 2.1798274517059326, 0.22614505887031555, 0.5722942352294922, 2.220867395401001, 0.667280375957489, 0.3597543239593506, 2.2495648860931396, 0.2536754608154297, 0.5595001578330994, 2.285461664199829, 0.4438731074333191, 0.4035029113292694, 2.2978153228759766, -0.046695463359355927], "left_hand": [0.7150285840034485, 0.5383448004722595, 2.500013529527223e-09, 0.6833081841468811, 0.5366071462631226, -0.006714674644172192, 0.6502415537834167, 0.514037013053894, -0.007201736327260733, 0.6275081634521484, 0.4947246313095093, -0.008176198229193687, 0.6111279129981995, 0.48885852098464966, -0.008613373152911663, 0.6494594216346741, 0.47901150584220886, 0.0021796035580337048, 0.639128565788269, 0.44314366579055786, -0.004473994951695204, 0.6361990571022034, 0.42003270983695984, -0.007792702876031399, 0.6341344714164734, 0.3999148905277252, -0.00937727652490139, 0.6643201112747192, 0.4678691625595093, 0.0012452113442122936, 0.6552145481109619, 0.4343152940273285, -0.015326146967709064, 0.6647531986236572, 0.451528400182724, -0.020971223711967468, 0.6730453968048096, 0.471841961145401, -0.01896417699754238, 0.680160641670227, 0.4587220251560211, -0.0010129970032721758, 0.6711389422416687, 0.4286094605922699, -0.016017211601138115, 0.6767144203186035, 0.443025141954422, -0.017552582547068596, 0.681283175945282, 0.45961788296699524, -0.012864166870713234, 0.6976394057273865, 0.4537982940673828, -0.003584746504202485, 0.6899595260620117, 0.42318859696388245, -0.011304718442261219, 0.6836449503898621, 0.40671610832214355, -0.012868777848780155, 0.6763717532157898, 0.39461269974708557, -0.011495896615087986], "right_hand": [0.0, 0.0, 0.0, 0.0, 0.0, 0.0, 0.0, 0.0, 0.0, 0.0, 0.0, 0.0, 0.0, 0.0, 0.0, 0.0, 0.0, 0.0, 0.0, 0.0, 0.0, 0.0, 0.0, 0.0, 0.0, 0.0, 0.0, 0.0, 0.0, 0.0, 0.0, 0.0, 0.0, 0.0, 0.0, 0.0, 0.0, 0.0, 0.0, 0.0, 0.0, 0.0, 0.0, 0.0, 0.0, 0.0, 0.0, 0.0, 0.0, 0.0, 0.0, 0.0, 0.0, 0.0, 0.0, 0.0, 0.0, 0.0, 0.0, 0.0, 0.0, 0.0, 0.0]}