{"body_pose": [0.47776979207992554, 0.5876182913780212, -0.7093704342842102, 0.49507999420166016, 0.5481247901916504, -0.6494860053062439, 0.5052202939987183, 0.5478833913803101, -0.648781955242157, 0.5149620175361633, 0.5480778813362122, -0.6479843258857727, 0.4619656503200531, 0.5480168461799622, -0.6664831042289734, 0.4491429626941681, 0.5475934743881226, -0.6668640971183777, 0.43721693754196167, 0.5474231839179993, -0.6667090654373169, 0.5276886820793152, 0.5677334070205688, -0.3225308060646057, 0.41890949010849, 0.5631189346313477, -0.38758522272109985, 0.49668654799461365, 0.6231546401977539, -0.5874274969100952, 0.4551407992839813, 0.6218053102493286, -0.6084906458854675, 0.6179499626159668, 0.7840350866317749, -0.178794264793396, 0.3166223466396332, 0.8025376200675964, -0.23030853271484375, 0.8496037125587463, 0.8202701210975647, -0.4903278350830078, 0.24164927005767822, 1.0838379859924316, -0.2337506264448166, 0.7128757238388062, 0.5442121624946594, -1.000916838645935, 0.2576100528240204, 1.3627628087997437, -0.44222787022590637, 0.6830415725708008, 0.4748838543891907, -1.1447246074676514, 0.2376416027545929, 1.4642564058303833, -0.5114330649375916, 0.6606286764144897, 0.47353705763816833, -1.0667906999588013, 0.287996381521225, 1.4834160804748535, -0.571438193321228, 0.6630738377571106, 0.49411332607269287, -0.9984702467918396, 0.29990294575691223, 1.4467440843582153, -0.48049503564834595, 0.5667988657951355, 1.3474913835525513, 0.06400822103023529, 0.36171969771385193, 1.3449474573135376, -0.05701478198170662, 0.5726266503334045, 1.7978177070617676, -0.009753438644111156, 0.3652733862400055, 1.775701880455017, -0.10026483982801437, 0.5707169771194458, 2.160463571548462, 0.6006631851196289, 0.36579301953315735, 2.1794378757476807, 0.22352103888988495, 0.5721244812011719, 2.220221757888794, 0.6666211485862732, 0.3597091734409332, 2.2490999698638916, 0.25084054470062256, 0.5577259659767151, 2.28498911857605, 0.44250115752220154, 0.402634859085083, 2.2974462509155273, -0.04948442056775093], "left_hand": [0.715449333190918, 0.5377438068389893, 1.5667300345967305e-08, 0.6835854649543762, 0.5358444452285767, -0.007764966227114201, 0.6506407260894775, 0.5148658752441406, -0.009169078432023525, 0.627734363079071, 0.4964255392551422, -0.010880200192332268, 0.6109124422073364, 0.4907244145870209, -0.012029374949634075, 0.6488423943519592, 0.4795440137386322, 0.001279969816096127, 0.6388053297996521, 0.44409412145614624, -0.005762798245996237, 0.6359665393829346, 0.4208041727542877, -0.009540488012135029, 0.6336752772331238, 0.4008063077926636, -0.011364761739969254, 0.663933515548706, 0.4684476852416992, 0.0006388409528881311, 0.6555352807044983, 0.43474674224853516, -0.01602006144821644, 0.6650153398513794, 0.4515606164932251, -0.021915115416049957, 0.6725069284439087, 0.471882700920105, -0.020102575421333313, 0.6798244118690491, 0.4594978988170624, -0.0013938628835603595, 0.671350359916687, 0.42978376150131226, -0.016581038013100624, 0.6777253150939941, 0.44439220428466797, -0.01789701171219349, 0.6825268864631653, 0.4609711170196533, -0.012918741442263126, 0.6973575353622437, 0.4551425278186798, -0.0038305730558931828, 0.6896666288375854, 0.42475268244743347, -0.011225846596062183, 0.6835833787918091, 0.4081180691719055, -0.012213533744215965, 0.6763255596160889, 0.39553964138031006, -0.01038453634828329], "right_hand": [0.0, 0.0, 0.0, 0.0, 0.0, 0.0, 0.0, 0.0, 0.0, 0.0, 0.0, 0.0, 0.0, 0.0, 0.0, 0.0, 0.0, 0.0, 0.0, 0.0, 0.0, 0.0, 0.0, 0.0, 0.0, 0.0, 0.0, 0.0, 0.0, 0.0, 0.0, 0.0, 0.0, 0.0, 0.0, 0.0, 0.0, 0.0, 0.0, 0.0, 0.0, 0.0, 0.0, 0.0, 0.0, 0.0, 0.0, 0.0, 0.0, 0.0, 0.0, 0.0, 0.0, 0.0, 0.0, 0.0, 0.0, 0.0, 0.0, 0.0, 0.0, 0.0, 0.0]}