{"body_pose": [0.4774070084095001, 0.5882200002670288, -0.7093797922134399, 0.49478310346603394, 0.5486128330230713, -0.6496134400367737, 0.5049968361854553, 0.5482683777809143, -0.6489154696464539, 0.5147848725318909, 0.5483708381652832, -0.6481190323829651, 0.461626797914505, 0.5485950708389282, -0.6662922501564026, 0.44886916875839233, 0.5481459498405457, -0.6666701436042786, 0.43700698018074036, 0.5479187965393066, -0.6665129065513611, 0.5275120139122009, 0.5678678154945374, -0.3232271373271942, 0.41880106925964355, 0.5633898973464966, -0.384149968624115, 0.4963996708393097, 0.6236718893051147, -0.5875577330589294, 0.45489853620529175, 0.6222294569015503, -0.6081815361976624, 0.6179103851318359, 0.7840293645858765, -0.18123166263103485, 0.3166166841983795, 0.8025327324867249, -0.22237028181552887, 0.849739134311676, 0.8205206990242004, -0.49371644854545593, 0.24228830635547638, 1.0840710401535034, -0.21776166558265686, 0.7128764986991882, 0.5439941883087158, -1.002623200416565, 0.2576258182525635, 1.363111972808838, -0.43001794815063477, 0.6831467747688293, 0.4749812185764313, -1.1465671062469482, 0.23763929307460785, 1.4643547534942627, -0.49814319610595703, 0.6606972813606262, 0.47367480397224426, -1.068880319595337, 0.28795886039733887, 1.483405351638794, -0.5595751404762268, 0.6631265878677368, 0.49417492747306824, -1.0001026391983032, 0.29988452792167664, 1.4467830657958984, -0.4689914286136627, 0.5670164823532104, 1.3484148979187012, 0.061891671270132065, 0.3616277873516083, 1.3452122211456299, -0.05488799884915352, 0.5725461840629578, 1.7983630895614624, -0.01741218753159046, 0.36510592699050903, 1.7756649255752563, -0.09924503415822983, 0.570624589920044, 2.160254716873169, 0.5984717011451721, 0.36575302481651306, 2.1792123317718506, 0.22615043818950653, 0.5720232725143433, 2.219727039337158, 0.6648545265197754, 0.35968950390815735, 2.2488393783569336, 0.25364628434181213, 0.557388424873352, 2.284959316253662, 0.44105300307273865, 0.40200337767601013, 2.297153949737549, -0.04611095041036606], "left_hand": [0.7147301435470581, 0.5382835865020752, 1.1446733338971171e-08, 0.6833744049072266, 0.5358656644821167, -0.006767163053154945, 0.6509001851081848, 0.5138524174690247, -0.007660592440515757, 0.6282116174697876, 0.49530887603759766, -0.009270182810723782, 0.6113649606704712, 0.4890596270561218, -0.010469334200024605, 0.6499271392822266, 0.47872859239578247, 0.002128049498423934, 0.6390203833580017, 0.4429255723953247, -0.004870978184044361, 0.63630211353302, 0.41968104243278503, -0.008662923239171505, 0.6341935396194458, 0.3994210362434387, -0.010574737563729286, 0.6645910739898682, 0.46796873211860657, 0.0009435394895263016, 0.6560654044151306, 0.43439409136772156, -0.01611078530550003, 0.6644671559333801, 0.45068278908729553, -0.02265964262187481, 0.6715501546859741, 0.47075721621513367, -0.02134491503238678, 0.6804080605506897, 0.4592427909374237, -0.001543168444186449, 0.6719854474067688, 0.42947736382484436, -0.017195582389831543, 0.6774532794952393, 0.44451040029525757, -0.019239181652665138, 0.6816075444221497, 0.4614948034286499, -0.01472420897334814, 0.6980296969413757, 0.45452141761779785, -0.004325691144913435, 0.6905951499938965, 0.4238281548023224, -0.012459185905754566, 0.6843817830085754, 0.4074850082397461, -0.014102661982178688, 0.6771712303161621, 0.3953813910484314, -0.012651841156184673], "right_hand": [0.0, 0.0, 0.0, 0.0, 0.0, 0.0, 0.0, 0.0, 0.0, 0.0, 0.0, 0.0, 0.0, 0.0, 0.0, 0.0, 0.0, 0.0, 0.0, 0.0, 0.0, 0.0, 0.0, 0.0, 0.0, 0.0, 0.0, 0.0, 0.0, 0.0, 0.0, 0.0, 0.0, 0.0, 0.0, 0.0, 0.0, 0.0, 0.0, 0.0, 0.0, 0.0, 0.0, 0.0, 0.0, 0.0, 0.0, 0.0, 0.0, 0.0, 0.0, 0.0, 0.0, 0.0, 0.0, 0.0, 0.0, 0.0, 0.0, 0.0, 0.0, 0.0, 0.0]}