{"body_pose": [0.4769038259983063, 0.588408350944519, -0.7091035842895508, 0.494332492351532, 0.5487837195396423, -0.6494351029396057, 0.5046383738517761, 0.5484157800674438, -0.6487373113632202, 0.514495849609375, 0.5484943389892578, -0.6479360461235046, 0.4611368477344513, 0.5487209558486938, -0.6660355925559998, 0.4484623968601227, 0.5482443571090698, -0.6664161682128906, 0.43665051460266113, 0.5479910373687744, -0.6662628054618835, 0.5273392200469971, 0.5679283142089844, -0.3235298693180084, 0.4186507761478424, 0.5634014010429382, -0.38425424695014954, 0.49608251452445984, 0.6239469051361084, -0.5875390768051147, 0.4545152187347412, 0.6223770380020142, -0.6080531477928162, 0.6178857684135437, 0.7839815616607666, -0.18059547245502472, 0.31653982400894165, 0.8025460243225098, -0.22580114006996155, 0.8505401611328125, 0.8211724758148193, -0.49317654967308044, 0.24172864854335785, 1.0843812227249146, -0.23008719086647034, 0.7130042314529419, 0.5441097617149353, -1.0026715993881226, 0.25711295008659363, 1.3624999523162842, -0.4416344165802002, 0.683265209197998, 0.4751431345939636, -1.146462321281433, 0.23726984858512878, 1.4632006883621216, -0.5101893544197083, 0.6608070135116577, 0.4738526940345764, -1.0687693357467651, 0.2876264154911041, 1.481896996498108, -0.568645179271698, 0.6632642149925232, 0.4943309724330902, -1.0001720190048218, 0.29939860105514526, 1.445199966430664, -0.479538232088089, 0.5683757662773132, 1.348444938659668, 0.06350703537464142, 0.3617052435874939, 1.3453048467636108, -0.05648454651236534, 0.5730394124984741, 1.7993930578231812, -0.013165119104087353, 0.3652518391609192, 1.7775994539260864, -0.09799688309431076, 0.5716261863708496, 2.160141944885254, 0.5981720089912415, 0.3658904731273651, 2.179722785949707, 0.2245948165655136, 0.5731161832809448, 2.2194600105285645, 0.6641664505004883, 0.3597184717655182, 2.249025583267212, 0.2517169117927551, 0.5588892698287964, 2.2848339080810547, 0.44071608781814575, 0.403249591588974, 2.2981319427490234, -0.04628235101699829], "left_hand": [0.7156100869178772, 0.5380871891975403, 4.6186188207286705e-09, 0.6840289831161499, 0.5354069471359253, -0.006569975055754185, 0.6510630249977112, 0.5135116577148438, -0.007260268088430166, 0.6282660961151123, 0.49484485387802124, -0.008528751321136951, 0.6116284132003784, 0.4890548884868622, -0.009341675788164139, 0.6499724984169006, 0.4781872630119324, 0.0023252705577760935, 0.6397182941436768, 0.4425784945487976, -0.00391736626625061, 0.6367607712745667, 0.41960978507995605, -0.007085014134645462, 0.634384274482727, 0.3998149633407593, -0.008596297353506088, 0.664891242980957, 0.46706604957580566, 0.0013547501293942332, 0.6575766801834106, 0.4333828389644623, -0.014334484003484249, 0.6667968034744263, 0.4493393301963806, -0.020015636458992958, 0.6738717555999756, 0.46946510672569275, -0.018337294459342957, 0.6807212829589844, 0.45792457461357117, -0.0008599033462814987, 0.6731191873550415, 0.428434282541275, -0.015274787321686745, 0.6793909668922424, 0.4428471028804779, -0.01663954183459282, 0.6838254928588867, 0.4596182405948639, -0.011947816237807274, 0.6980845928192139, 0.453169047832489, -0.0033712671138346195, 0.6909224987030029, 0.4226163625717163, -0.010542310774326324, 0.6852255463600159, 0.4060904085636139, -0.011628635227680206, 0.6781820058822632, 0.39422228932380676, -0.009960477240383625], "right_hand": [0.0, 0.0, 0.0, 0.0, 0.0, 0.0, 0.0, 0.0, 0.0, 0.0, 0.0, 0.0, 0.0, 0.0, 0.0, 0.0, 0.0, 0.0, 0.0, 0.0, 0.0, 0.0, 0.0, 0.0, 0.0, 0.0, 0.0, 0.0, 0.0, 0.0, 0.0, 0.0, 0.0, 0.0, 0.0, 0.0, 0.0, 0.0, 0.0, 0.0, 0.0, 0.0, 0.0, 0.0, 0.0, 0.0, 0.0, 0.0, 0.0, 0.0, 0.0, 0.0, 0.0, 0.0, 0.0, 0.0, 0.0, 0.0, 0.0, 0.0, 0.0, 0.0, 0.0]}