{"body_pose": [0.47553572058677673, 0.582396388053894, -0.7452191710472107, 0.4923526346683502, 0.5454545021057129, -0.690544605255127, 0.5027045011520386, 0.5457323789596558, -0.6898869872093201, 0.5126649737358093, 0.5464659929275513, -0.6891888380050659, 0.4589617848396301, 0.5445830225944519, -0.7014412879943848, 0.4465431272983551, 0.5441378951072693, -0.7017937302589417, 0.4352579712867737, 0.5440977215766907, -0.7015886306762695, 0.5261162519454956, 0.5670278668403625, -0.38245195150375366, 0.4186713397502899, 0.5610610246658325, -0.42273497581481934, 0.4946983754634857, 0.6161820292472839, -0.6317063570022583, 0.4536810517311096, 0.6152974367141724, -0.6449736952781677, 0.6188319325447083, 0.7851938009262085, -0.2525617480278015, 0.3178122937679291, 0.8000357747077942, -0.24759866297245026, 0.8424807190895081, 0.814164400100708, -0.5533625483512878, 0.24189050495624542, 1.0853517055511475, -0.23788845539093018, 0.7039742469787598, 0.5383976101875305, -1.045749306678772, 0.2476879358291626, 1.3562779426574707, -0.44064226746559143, 0.6766489744186401, 0.4720402657985687, -1.1884071826934814, 0.22321240603923798, 1.4536166191101074, -0.5073273777961731, 0.653720498085022, 0.4726119935512543, -1.1086841821670532, 0.2755902111530304, 1.4758533239364624, -0.5693386793136597, 0.657331645488739, 0.4933888018131256, -1.0416194200515747, 0.28968578577041626, 1.4408538341522217, -0.4806448817253113, 0.5429636240005493, 1.3202831745147705, 0.050058845430612564, 0.3598685562610626, 1.3238935470581055, -0.04331839829683304, 0.5607901215553284, 1.7719707489013672, 0.013982200995087624, 0.35812607407569885, 1.74575936794281, -0.10559719055891037, 0.5561408400535583, 2.1084725856781006, 0.6074113845825195, 0.35432395339012146, 2.1258435249328613, 0.22264954447746277, 0.5596613883972168, 2.16549015045166, 0.6715044975280762, 0.3484162390232086, 2.192404270172119, 0.25177982449531555, 0.5337954163551331, 2.227856397628784, 0.4519173502922058, 0.3859371244907379, 2.2409987449645996, -0.040001291781663895], "left_hand": [0.7102257609367371, 0.5364010334014893, 1.921538306248749e-08, 0.677791953086853, 0.5337258577346802, -0.007239582948386669, 0.643797755241394, 0.5114235281944275, -0.007704638410359621, 0.6198493838310242, 0.49267926812171936, -0.008480412885546684, 0.602548360824585, 0.4858097434043884, -0.008606155402958393, 0.6411007046699524, 0.47935593128204346, 0.0026545783039182425, 0.6307566165924072, 0.4431171119213104, -0.0032569109462201595, 0.6279374957084656, 0.41965728998184204, -0.006131944712251425, 0.6254540085792542, 0.4000670313835144, -0.0075034392066299915, 0.6560513973236084, 0.46801674365997314, 0.0022528606932610273, 0.6479936242103577, 0.4335075914859772, -0.0132468705996871, 0.6596315503120422, 0.446861207485199, -0.018773820251226425, 0.6684237122535706, 0.4656972289085388, -0.01696702465415001, 0.671937108039856, 0.45876115560531616, 0.0005460495012812316, 0.6634567379951477, 0.43016478419303894, -0.013622848317027092, 0.6718211770057678, 0.44147664308547974, -0.014737268909811974, 0.6776232719421387, 0.45578107237815857, -0.009972830303013325, 0.6895197033882141, 0.45380571484565735, -0.0015253154560923576, 0.6816040873527527, 0.42429319024086, -0.008543613366782665, 0.6767065525054932, 0.40743592381477356, -0.00948770996183157, 0.6704825758934021, 0.394880473613739, -0.007770111318677664], "right_hand": [0.0, 0.0, 0.0, 0.0, 0.0, 0.0, 0.0, 0.0, 0.0, 0.0, 0.0, 0.0, 0.0, 0.0, 0.0, 0.0, 0.0, 0.0, 0.0, 0.0, 0.0, 0.0, 0.0, 0.0, 0.0, 0.0, 0.0, 0.0, 0.0, 0.0, 0.0, 0.0, 0.0, 0.0, 0.0, 0.0, 0.0, 0.0, 0.0, 0.0, 0.0, 0.0, 0.0, 0.0, 0.0, 0.0, 0.0, 0.0, 0.0, 0.0, 0.0, 0.0, 0.0, 0.0, 0.0, 0.0, 0.0, 0.0, 0.0, 0.0, 0.0, 0.0, 0.0]}