{"body_pose": [0.4753320813179016, 0.5823655128479004, -0.7426124215126038, 0.4923035800457001, 0.5453131198883057, -0.687218964099884, 0.5026819705963135, 0.5455738306045532, -0.6865339875221252, 0.5126456618309021, 0.5463034510612488, -0.6857852935791016, 0.4586227536201477, 0.5445677638053894, -0.6979436278343201, 0.4460976719856262, 0.5441402196884155, -0.6983199119567871, 0.43476542830467224, 0.5441198945045471, -0.6981158256530762, 0.5261850953102112, 0.566985547542572, -0.37726470828056335, 0.41822904348373413, 0.5610710978507996, -0.41667985916137695, 0.49468639492988586, 0.6161534786224365, -0.628602147102356, 0.45326071977615356, 0.6153823733329773, -0.6416619420051575, 0.6181355714797974, 0.7851285338401794, -0.24768635630607605, 0.31723642349243164, 0.8012586236000061, -0.24919410049915314, 0.8448433876037598, 0.815913736820221, -0.548565149307251, 0.2425660640001297, 1.0832619667053223, -0.2484005242586136, 0.7053079009056091, 0.5425654649734497, -1.0462194681167603, 0.25031715631484985, 1.3517197370529175, -0.4547608494758606, 0.6776281595230103, 0.4739033579826355, -1.1900140047073364, 0.2275172472000122, 1.4477065801620483, -0.5229969620704651, 0.6551030874252319, 0.47448718547821045, -1.1120744943618774, 0.2782420217990875, 1.4676381349563599, -0.5838629603385925, 0.6584553122520447, 0.4957587420940399, -1.0429859161376953, 0.29150936007499695, 1.432838797569275, -0.49392110109329224, 0.542883038520813, 1.3234237432479858, 0.050323158502578735, 0.36018529534339905, 1.3254923820495605, -0.04355225712060928, 0.560287594795227, 1.7735992670059204, 0.0055358256213366985, 0.35802480578422546, 1.7501851320266724, -0.09538476914167404, 0.5560427308082581, 2.1157281398773193, 0.5702530741691589, 0.35461050271987915, 2.130889415740967, 0.22670285403728485, 0.5594483017921448, 2.173414707183838, 0.6301335096359253, 0.3485192358493805, 2.19724440574646, 0.25620052218437195, 0.5338626503944397, 2.2350914478302, 0.4031272232532501, 0.3863397240638733, 2.2458486557006836, -0.03241639956831932], "left_hand": [0.7100876569747925, 0.5357876420021057, 1.2440915853062506e-08, 0.6779977679252625, 0.5336292386054993, -0.006958961486816406, 0.644504189491272, 0.511934220790863, -0.007636410184204578, 0.6211604475975037, 0.49294349551200867, -0.008780688047409058, 0.6038858890533447, 0.4862746000289917, -0.009377081878483295, 0.6424483060836792, 0.4792878329753876, 0.0022611345630139112, 0.6315011978149414, 0.44357502460479736, -0.004313254728913307, 0.6285969614982605, 0.42028841376304626, -0.007612200453877449, 0.6260637640953064, 0.40031614899635315, -0.009186280891299248, 0.6572014689445496, 0.4677657186985016, 0.0015140833565965295, 0.6490359306335449, 0.43347296118736267, -0.014173551462590694, 0.6607868075370789, 0.44698062539100647, -0.019588468596339226, 0.6696897745132446, 0.4652571976184845, -0.017786096781492233, 0.6729047298431396, 0.4585040211677551, -0.000545474817045033, 0.6644676327705383, 0.42970526218414307, -0.015050588175654411, 0.673367440700531, 0.4419325292110443, -0.015689950436353683, 0.679733157157898, 0.4564872086048126, -0.010522591881453991, 0.6903417706489563, 0.45368194580078125, -0.0029787812381982803, 0.6827390789985657, 0.4240715801715851, -0.010240376926958561, 0.6779434680938721, 0.4074927866458893, -0.0109093701466918, 0.6718401312828064, 0.3950856029987335, -0.008922852575778961], "right_hand": [0.0, 0.0, 0.0, 0.0, 0.0, 0.0, 0.0, 0.0, 0.0, 0.0, 0.0, 0.0, 0.0, 0.0, 0.0, 0.0, 0.0, 0.0, 0.0, 0.0, 0.0, 0.0, 0.0, 0.0, 0.0, 0.0, 0.0, 0.0, 0.0, 0.0, 0.0, 0.0, 0.0, 0.0, 0.0, 0.0, 0.0, 0.0, 0.0, 0.0, 0.0, 0.0, 0.0, 0.0, 0.0, 0.0, 0.0, 0.0, 0.0, 0.0, 0.0, 0.0, 0.0, 0.0, 0.0, 0.0, 0.0, 0.0, 0.0, 0.0, 0.0, 0.0, 0.0]}