{"body_pose": [0.4752216339111328, 0.582843005657196, -0.7831363677978516, 0.4923052489757538, 0.5457099676132202, -0.728655219078064, 0.5026978850364685, 0.5460025668144226, -0.7279478311538696, 0.5126755237579346, 0.5467776656150818, -0.7271406054496765, 0.458486407995224, 0.5448070764541626, -0.734772264957428, 0.4459056258201599, 0.5443543791770935, -0.735160768032074, 0.43451982736587524, 0.544294536113739, -0.7349284291267395, 0.526678204536438, 0.567567765712738, -0.4156377911567688, 0.4181012511253357, 0.5611207485198975, -0.43356308341026306, 0.4946802258491516, 0.616839587688446, -0.6678336262702942, 0.45299357175827026, 0.6158653497695923, -0.6749386191368103, 0.6187983155250549, 0.7850266098976135, -0.28306320309638977, 0.31724801659584045, 0.8017222881317139, -0.25502949953079224, 0.8439947366714478, 0.8149118423461914, -0.6136114001274109, 0.24075154960155487, 1.0859074592590332, -0.25217336416244507, 0.7063740491867065, 0.541918158531189, -1.129854679107666, 0.23868536949157715, 1.3479937314987183, -0.4791351854801178, 0.6797905564308167, 0.4724551737308502, -1.2797318696975708, 0.21262390911579132, 1.4413222074508667, -0.549227774143219, 0.6580519080162048, 0.4714038372039795, -1.2004331350326538, 0.26214542984962463, 1.4594484567642212, -0.6158305406570435, 0.6608349084854126, 0.493301123380661, -1.1264805793762207, 0.2766457498073578, 1.4260939359664917, -0.521619975566864, 0.5414175987243652, 1.3265795707702637, 0.045144617557525635, 0.3600856363773346, 1.327629804611206, -0.03822535276412964, 0.5565420389175415, 1.7757786512374878, 0.0007748094503767788, 0.3533351421356201, 1.750096082687378, -0.09377461671829224, 0.5474957823753357, 2.12378191947937, 0.5705633759498596, 0.3471030294895172, 2.130570411682129, 0.24377547204494476, 0.5508998036384583, 2.1820926666259766, 0.6312140226364136, 0.34068888425827026, 2.1966514587402344, 0.2744564414024353, 0.5222398638725281, 2.243086576461792, 0.39477989077568054, 0.3759457468986511, 2.2448556423187256, -0.02404022216796875], "left_hand": [0.7098162174224854, 0.5367633104324341, 1.7089574200213065e-08, 0.6776887774467468, 0.5335619449615479, -0.006946635898202658, 0.6446353197097778, 0.5107303857803345, -0.0071578375063836575, 0.6217244863510132, 0.4913989305496216, -0.007665554061532021, 0.6049099564552307, 0.4836631417274475, -0.007556688040494919, 0.6434023976325989, 0.4776163697242737, 0.002282709116116166, 0.6337575316429138, 0.44126829504966736, -0.0036399150267243385, 0.6316508054733276, 0.41727492213249207, -0.006421486381441355, 0.6297485828399658, 0.39709532260894775, -0.007779084611684084, 0.6583208441734314, 0.46651288866996765, 0.0018106016796082258, 0.6507465243339539, 0.43262535333633423, -0.012985500507056713, 0.6620388031005859, 0.44509533047676086, -0.0181146040558815, 0.6706749200820923, 0.46315744519233704, -0.01639266312122345, 0.6743358373641968, 0.45778217911720276, 2.420878990960773e-05, 0.66671222448349, 0.4300503134727478, -0.013868012465536594, 0.674679696559906, 0.44061508774757385, -0.01508695725351572, 0.6799930930137634, 0.4540627598762512, -0.010630419477820396, 0.6921312808990479, 0.4531894326210022, -0.002096060663461685, 0.6851502060890198, 0.42297548055648804, -0.009367551654577255, 0.6808342933654785, 0.406258761882782, -0.010622654110193253, 0.674881637096405, 0.39410972595214844, -0.009200239554047585], "right_hand": [0.0, 0.0, 0.0, 0.0, 0.0, 0.0, 0.0, 0.0, 0.0, 0.0, 0.0, 0.0, 0.0, 0.0, 0.0, 0.0, 0.0, 0.0, 0.0, 0.0, 0.0, 0.0, 0.0, 0.0, 0.0, 0.0, 0.0, 0.0, 0.0, 0.0, 0.0, 0.0, 0.0, 0.0, 0.0, 0.0, 0.0, 0.0, 0.0, 0.0, 0.0, 0.0, 0.0, 0.0, 0.0, 0.0, 0.0, 0.0, 0.0, 0.0, 0.0, 0.0, 0.0, 0.0, 0.0, 0.0, 0.0, 0.0, 0.0, 0.0, 0.0, 0.0, 0.0]}