{"body_pose": [0.4755289852619171, 0.5828931331634521, -0.7788723111152649, 0.49284687638282776, 0.5457229018211365, -0.7240222096443176, 0.5032298564910889, 0.5460197925567627, -0.7233899235725403, 0.5132039189338684, 0.5467956066131592, -0.7226462960243225, 0.45879456400871277, 0.5448233485221863, -0.7319408655166626, 0.4461064636707306, 0.5443819761276245, -0.7323077917098999, 0.43462663888931274, 0.5443404912948608, -0.7321019768714905, 0.5274316072463989, 0.5675951838493347, -0.4138336479663849, 0.418106347322464, 0.5611681342124939, -0.4336124360561371, 0.4950528144836426, 0.6169560551643372, -0.66218501329422, 0.4530881345272064, 0.6160231828689575, -0.6717223525047302, 0.619576096534729, 0.7846865057945251, -0.2802676856517792, 0.31727689504623413, 0.8024912476539612, -0.2557305693626404, 0.8461426496505737, 0.8164982199668884, -0.5667111277580261, 0.24210712313652039, 1.0849096775054932, -0.2441607564687729, 0.7094268202781677, 0.5449144244194031, -1.0946381092071533, 0.24200132489204407, 1.3484132289886475, -0.46398040652275085, 0.6820632815361023, 0.47348296642303467, -1.2442704439163208, 0.21757400035858154, 1.442455768585205, -0.533193051815033, 0.6603695154190063, 0.4732825458049774, -1.1702959537506104, 0.26548177003860474, 1.461105227470398, -0.6033363938331604, 0.6632135510444641, 0.494870126247406, -1.0932530164718628, 0.2793312668800354, 1.427375316619873, -0.5065307021141052, 0.5422247648239136, 1.328134298324585, 0.04680464044213295, 0.36306285858154297, 1.3323521614074707, -0.03989439457654953, 0.5642021298408508, 1.7801086902618408, 0.0033165249042212963, 0.35975074768066406, 1.7585923671722412, -0.09396681934595108, 0.5616027116775513, 2.128378391265869, 0.5963473916053772, 0.3586706221103668, 2.1439859867095947, 0.2478124350309372, 0.5646242499351501, 2.1867871284484863, 0.6585525870323181, 0.3523055911064148, 2.210941791534424, 0.2784676253795624, 0.5431145429611206, 2.2467451095581055, 0.4236758053302765, 0.3915586769580841, 2.2572593688964844, -0.021687468513846397], "left_hand": [0.7102365493774414, 0.5357303619384766, 3.899285339059588e-09, 0.678581953048706, 0.5332024693489075, -0.006917882245033979, 0.6448686122894287, 0.5106617212295532, -0.007158879190683365, 0.6216408014297485, 0.49126961827278137, -0.007822253741323948, 0.6048993468284607, 0.4843670427799225, -0.00785192009061575, 0.6433742642402649, 0.476344496011734, 0.002795281121507287, 0.6338279247283936, 0.44066157937049866, -0.0034119721967726946, 0.6314834952354431, 0.4176478683948517, -0.0064084348268806934, 0.6298428177833557, 0.3979712724685669, -0.007757363375276327, 0.6580411791801453, 0.46542274951934814, 0.0023015488404780626, 0.6509645581245422, 0.4328000843524933, -0.013109397143125534, 0.6621294021606445, 0.44844940304756165, -0.018250923603773117, 0.6703747510910034, 0.46768954396247864, -0.016147060319781303, 0.6736938953399658, 0.4566206634044647, 0.0004207752353977412, 0.666678249835968, 0.4289511442184448, -0.013738328590989113, 0.6747573614120483, 0.4420260190963745, -0.014608035795390606, 0.68007892370224, 0.45686429738998413, -0.009620551019906998, 0.6912022233009338, 0.4519428610801697, -0.001828403095714748, 0.6844120621681213, 0.4224427044391632, -0.008987153880298138, 0.6803032159805298, 0.40623602271080017, -0.009874336421489716, 0.6746914982795715, 0.3940141499042511, -0.007990028709173203], "right_hand": [0.0, 0.0, 0.0, 0.0, 0.0, 0.0, 0.0, 0.0, 0.0, 0.0, 0.0, 0.0, 0.0, 0.0, 0.0, 0.0, 0.0, 0.0, 0.0, 0.0, 0.0, 0.0, 0.0, 0.0, 0.0, 0.0, 0.0, 0.0, 0.0, 0.0, 0.0, 0.0, 0.0, 0.0, 0.0, 0.0, 0.0, 0.0, 0.0, 0.0, 0.0, 0.0, 0.0, 0.0, 0.0, 0.0, 0.0, 0.0, 0.0, 0.0, 0.0, 0.0, 0.0, 0.0, 0.0, 0.0, 0.0, 0.0, 0.0, 0.0, 0.0, 0.0, 0.0]}