{"body_pose": [0.47574687004089355, 0.5829871892929077, -0.7765103578567505, 0.4932502210140228, 0.5457295179367065, -0.7215477824211121, 0.5036187767982483, 0.5460259914398193, -0.7209426760673523, 0.5135731101036072, 0.5468007326126099, -0.7202168107032776, 0.4589417576789856, 0.5448558330535889, -0.7307755351066589, 0.4461747109889984, 0.5444429516792297, -0.7311400771141052, 0.434646874666214, 0.5444430112838745, -0.7309466004371643, 0.5278696417808533, 0.567630410194397, -0.4103796184062958, 0.4180987477302551, 0.5613148808479309, -0.4369613230228424, 0.4954577088356018, 0.6173177361488342, -0.6592279076576233, 0.45323047041893005, 0.6164249777793884, -0.670558750629425, 0.6199374198913574, 0.7847535610198975, -0.27411672472953796, 0.3171422481536865, 0.8033298850059509, -0.2591593861579895, 0.8536284565925598, 0.8217146992683411, -0.5533576011657715, 0.24227866530418396, 1.084589958190918, -0.2540524899959564, 0.7114207148551941, 0.5470682978630066, -1.0723978281021118, 0.2443445920944214, 1.348853349685669, -0.4590303301811218, 0.6835824251174927, 0.4803999960422516, -1.2188626527786255, 0.2211271971464157, 1.4435217380523682, -0.5266978740692139, 0.6613345742225647, 0.4778877794742584, -1.1443159580230713, 0.2686324119567871, 1.4628326892852783, -0.5939295887947083, 0.6643078923225403, 0.5017611980438232, -1.070651888847351, 0.2819386422634125, 1.4286587238311768, -0.4999113976955414, 0.5579306483268738, 1.3345502614974976, 0.05051421374082565, 0.36315980553627014, 1.3333337306976318, -0.043634600937366486, 0.5635524392127991, 1.7832276821136475, 0.006969176232814789, 0.359745055437088, 1.7604550123214722, -0.09206005185842514, 0.560891330242157, 2.132613182067871, 0.5828284025192261, 0.35820862650871277, 2.145226001739502, 0.2477666288614273, 0.5639469027519226, 2.19140362739563, 0.6429382562637329, 0.3514961302280426, 2.2118349075317383, 0.2780012786388397, 0.5424014329910278, 2.2522921562194824, 0.40977412462234497, 0.39155271649360657, 2.260824680328369, -0.019937319681048393], "left_hand": [0.7099147439002991, 0.535731852054596, 3.806157167218771e-09, 0.6778939366340637, 0.5325976014137268, -0.006339930463582277, 0.6441660523414612, 0.5101873874664307, -0.006417104043066502, 0.6209409832954407, 0.4916266202926636, -0.007108787540346384, 0.6043403744697571, 0.4856710433959961, -0.0072950501926243305, 0.6437588334083557, 0.47662726044654846, 0.0033159947488456964, 0.633552610874176, 0.4413014352321625, -0.002824207302182913, 0.6310238838195801, 0.4182984530925751, -0.005955650471150875, 0.629130482673645, 0.398456335067749, -0.0074104019440710545, 0.6586276888847351, 0.4654887914657593, 0.002500461880117655, 0.6514183282852173, 0.432752400636673, -0.012751891277730465, 0.6620595455169678, 0.44752681255340576, -0.018024493008852005, 0.6701861023902893, 0.46644774079322815, -0.016100050881505013, 0.6743538975715637, 0.45658260583877563, 0.00036995456321164966, 0.6669973134994507, 0.42896702885627747, -0.013553250581026077, 0.675076425075531, 0.4418884813785553, -0.014289870858192444, 0.6808850765228271, 0.4568532705307007, -0.009261548519134521, 0.6916779279708862, 0.4519290328025818, -0.0021100062876939774, 0.6846876740455627, 0.42243891954421997, -0.008875318802893162, 0.6800501346588135, 0.40617436170578003, -0.00948035903275013, 0.6741660833358765, 0.394071102142334, -0.007488175295293331], "right_hand": [0.0, 0.0, 0.0, 0.0, 0.0, 0.0, 0.0, 0.0, 0.0, 0.0, 0.0, 0.0, 0.0, 0.0, 0.0, 0.0, 0.0, 0.0, 0.0, 0.0, 0.0, 0.0, 0.0, 0.0, 0.0, 0.0, 0.0, 0.0, 0.0, 0.0, 0.0, 0.0, 0.0, 0.0, 0.0, 0.0, 0.0, 0.0, 0.0, 0.0, 0.0, 0.0, 0.0, 0.0, 0.0, 0.0, 0.0, 0.0, 0.0, 0.0, 0.0, 0.0, 0.0, 0.0, 0.0, 0.0, 0.0, 0.0, 0.0, 0.0, 0.0, 0.0, 0.0]}