{"body_pose": [0.47593221068382263, 0.582944929599762, -0.7487355470657349, 0.49339649081230164, 0.5455671548843384, -0.691164493560791, 0.5037516951560974, 0.5458613038063049, -0.6904551386833191, 0.5136929750442505, 0.5466237664222717, -0.6896963715553284, 0.45911359786987305, 0.5447781682014465, -0.7026232481002808, 0.4463326334953308, 0.5444120168685913, -0.7030094265937805, 0.4347768723964691, 0.5444428324699402, -0.7027612328529358, 0.528139054775238, 0.5675755143165588, -0.3749406337738037, 0.41814759373664856, 0.5613776445388794, -0.4160430431365967, 0.49576544761657715, 0.6173156499862671, -0.6321006417274475, 0.4535737633705139, 0.6164743900299072, -0.6463350653648376, 0.620458722114563, 0.7847325801849365, -0.23899893462657928, 0.3172188103199005, 0.8034951686859131, -0.24944590032100677, 0.8549725413322449, 0.8222072124481201, -0.5303534865379333, 0.24284256994724274, 1.0861611366271973, -0.23613573610782623, 0.7108891606330872, 0.5479609966278076, -1.0270769596099854, 0.24571295082569122, 1.3479113578796387, -0.4305087924003601, 0.6828316450119019, 0.4821568727493286, -1.1681047677993774, 0.22353395819664001, 1.4416793584823608, -0.49729031324386597, 0.6608086228370667, 0.4797583818435669, -1.1040091514587402, 0.2692357897758484, 1.460405945777893, -0.559442937374115, 0.6634166836738586, 0.5010257363319397, -1.0279124975204468, 0.28302523493766785, 1.4267171621322632, -0.4697125256061554, 0.5641079545021057, 1.3354274034500122, 0.05278683826327324, 0.36318960785865784, 1.3322463035583496, -0.04581811651587486, 0.5634719729423523, 1.7827610969543457, 0.006470058113336563, 0.3597876727581024, 1.7573387622833252, -0.1047835722565651, 0.5603246092796326, 2.132427930831909, 0.5909167528152466, 0.35819777846336365, 2.1427056789398193, 0.23178017139434814, 0.5632810592651367, 2.191092014312744, 0.6529442071914673, 0.3514661490917206, 2.2097702026367188, 0.2609677016735077, 0.5421498417854309, 2.253028392791748, 0.4273378252983093, 0.3915747106075287, 2.258204460144043, -0.037061531096696854], "left_hand": [0.7104074358940125, 0.5371338725090027, 1.935890914239735e-08, 0.6779836416244507, 0.533747136592865, -0.006854858715087175, 0.6445344686508179, 0.5111151337623596, -0.007437509018927813, 0.6212577223777771, 0.492269366979599, -0.008552854880690575, 0.6045504212379456, 0.48570582270622253, -0.009151781909167767, 0.6441670060157776, 0.4789358377456665, 0.002667983528226614, 0.6339514851570129, 0.4428769052028656, -0.003564279992133379, 0.631172239780426, 0.41913825273513794, -0.006841595284640789, 0.6288695931434631, 0.3988058269023895, -0.008523117750883102, 0.659206211566925, 0.46759963035583496, 0.0018684816313907504, 0.6514795422554016, 0.4335784614086151, -0.013650729320943356, 0.6618542671203613, 0.4469704031944275, -0.01932806335389614, 0.6702037453651428, 0.4654386639595032, -0.017809005454182625, 0.6751182675361633, 0.4585089087486267, -0.0002618177095428109, 0.6669900417327881, 0.42896828055381775, -0.014249850064516068, 0.6741020679473877, 0.4402310848236084, -0.015513675287365913, 0.6794959902763367, 0.4546224772930145, -0.011030073277652264, 0.6926292181015015, 0.4537776708602905, -0.0027864892035722733, 0.6852600574493408, 0.4236516058444977, -0.009558689780533314, 0.6801506876945496, 0.4067927598953247, -0.010542766191065311, 0.673913300037384, 0.39441344141960144, -0.009012361988425255], "right_hand": [0.0, 0.0, 0.0, 0.0, 0.0, 0.0, 0.0, 0.0, 0.0, 0.0, 0.0, 0.0, 0.0, 0.0, 0.0, 0.0, 0.0, 0.0, 0.0, 0.0, 0.0, 0.0, 0.0, 0.0, 0.0, 0.0, 0.0, 0.0, 0.0, 0.0, 0.0, 0.0, 0.0, 0.0, 0.0, 0.0, 0.0, 0.0, 0.0, 0.0, 0.0, 0.0, 0.0, 0.0, 0.0, 0.0, 0.0, 0.0, 0.0, 0.0, 0.0, 0.0, 0.0, 0.0, 0.0, 0.0, 0.0, 0.0, 0.0, 0.0, 0.0, 0.0, 0.0]}