{"body_pose": [0.47730085253715515, 0.582935631275177, -0.7445048093795776, 0.4944150149822235, 0.5455538630485535, -0.6873337626457214, 0.5044790506362915, 0.5458472371101379, -0.6866450309753418, 0.5142539143562317, 0.5466095209121704, -0.6858839988708496, 0.46096983551979065, 0.5447778701782227, -0.699122965335846, 0.44813981652259827, 0.5444154143333435, -0.699500560760498, 0.4362508952617645, 0.5444526076316833, -0.699266791343689, 0.5282996296882629, 0.567558228969574, -0.3694725036621094, 0.4185934364795685, 0.5613852739334106, -0.4137260913848877, 0.4965210556983948, 0.6173305511474609, -0.6270381808280945, 0.45469722151756287, 0.616519033908844, -0.641903817653656, 0.620557963848114, 0.7847109436988831, -0.23256567120552063, 0.31723591685295105, 0.8033760190010071, -0.24613405764102936, 0.8527258634567261, 0.8193486332893372, -0.5376662611961365, 0.24325509369373322, 1.0852783918380737, -0.23616693913936615, 0.7110549807548523, 0.5494115352630615, -1.053607702255249, 0.24602949619293213, 1.3478038311004639, -0.4378216862678528, 0.6824617385864258, 0.4837638735771179, -1.2010109424591064, 0.22422058880329132, 1.4420651197433472, -0.5060033202171326, 0.660574734210968, 0.48103129863739014, -1.1224998235702515, 0.27210375666618347, 1.4610238075256348, -0.5690007209777832, 0.6632718443870544, 0.5016547441482544, -1.0505114793777466, 0.2855668365955353, 1.4270185232162476, -0.47763511538505554, 0.5660200119018555, 1.3382701873779297, 0.05285652354359627, 0.3631264269351959, 1.3346357345581055, -0.04587036743760109, 0.5641400218009949, 1.7859030961990356, 0.004756909795105457, 0.3600855767726898, 1.7614054679870605, -0.10277722775936127, 0.5636323094367981, 2.1383700370788574, 0.5805137753486633, 0.36031094193458557, 2.14774751663208, 0.23219530284404755, 0.566970944404602, 2.1980319023132324, 0.6410446166992188, 0.3537778854370117, 2.215219259262085, 0.261437326669693, 0.545659601688385, 2.257253408432007, 0.412995308637619, 0.3946550786495209, 2.261993646621704, -0.035091500729322433], "left_hand": [0.7104015350341797, 0.536827802658081, 5.200824215734201e-09, 0.6784437298774719, 0.5345600247383118, -0.006258572451770306, 0.6449835896492004, 0.5117977857589722, -0.006283248774707317, 0.6221035718917847, 0.49253860116004944, -0.006895510014146566, 0.6055134534835815, 0.4862988591194153, -0.0070641222409904, 0.6447752714157104, 0.4776599705219269, 0.002568546449765563, 0.634617030620575, 0.44138315320014954, -0.0036725057289004326, 0.6323087215423584, 0.4179671108722687, -0.006807213649153709, 0.6305704712867737, 0.39759209752082825, -0.008370321244001389, 0.6596877574920654, 0.4667277932167053, 0.00163229217287153, 0.6525363326072693, 0.4330440163612366, -0.013902661390602589, 0.6622039079666138, 0.4482263922691345, -0.01936674676835537, 0.6696555614471436, 0.4675057530403137, -0.017644573003053665, 0.675643801689148, 0.45800256729125977, -0.0005626658094115555, 0.668226420879364, 0.42896613478660583, -0.014742341823875904, 0.675080418586731, 0.44210299849510193, -0.015908926725387573, 0.6798502802848816, 0.45742565393447876, -0.011264088563621044, 0.6932411193847656, 0.4534914791584015, -0.003067297860980034, 0.6863852739334106, 0.42333319783210754, -0.010525214485824108, 0.6816239356994629, 0.4067477583885193, -0.011800154112279415, 0.6756696105003357, 0.39432063698768616, -0.010270998813211918], "right_hand": [0.0, 0.0, 0.0, 0.0, 0.0, 0.0, 0.0, 0.0, 0.0, 0.0, 0.0, 0.0, 0.0, 0.0, 0.0, 0.0, 0.0, 0.0, 0.0, 0.0, 0.0, 0.0, 0.0, 0.0, 0.0, 0.0, 0.0, 0.0, 0.0, 0.0, 0.0, 0.0, 0.0, 0.0, 0.0, 0.0, 0.0, 0.0, 0.0, 0.0, 0.0, 0.0, 0.0, 0.0, 0.0, 0.0, 0.0, 0.0, 0.0, 0.0, 0.0, 0.0, 0.0, 0.0, 0.0, 0.0, 0.0, 0.0, 0.0, 0.0, 0.0, 0.0, 0.0]}