{
  "notes_durations_denom":{
    "whole":1,
    "dotted_whole": 0.6666666666666666,
    "half": 2,
    "dotted_half": 1.3333333333333333,
    "quarter": 4,
    "dotted_quarter": 2.6666666666666665,
    "eighth": 8,
    "dotted_eighth": 5.333333333333333,
    "sixteenth": 16,
    "dotted_sixteenth": 10.666666666666666
  },
  "notes_key" : {
    "silence": -10000,
    "F2":21,
    "F#2":22,
    "G2":23,
    "G#2":24,
    "A2":25,
    "A#2":26,
    "B2":27,
    "C3":28,
    "C#3":29,
    "D3":30,
    "D#3":31,
    "E3":32,
    "F3": 33,
    "F#3": 34,
    "G3": 35,
    "G#3": 36,
    "A3": 37,
    "A#3": 38,
    "B3": 39,
    "C4": 40,
    "C#4": 41,
    "D4": 42,
    "D#4": 43,
    "E4": 44,
    "F4": 45,
    "F#4": 46,
    "G4": 47,
    "G#4": 48,
    "A4": 49,
    "A#4": 50,
    "B4": 51,
    "C5": 52,
    "C#5": 53,
    "D5": 54,
    "D#5": 55,
    "E5": 56,
    "F5": 57,
    "F#5": 58,
    "G5": 59,
    "G#5": 60,
    "A5": 61,
    "A#5": 62,
    "B5": 63
  }
}