{"body_pose": [0.46628668904304504, 0.5687973499298096, -0.46125179529190063, 0.4801146984100342, 0.5301177501678467, -0.4014163017272949, 0.4900535047054291, 0.5300079584121704, -0.40110713243484497, 0.49922770261764526, 0.5302437543869019, -0.400724321603775, 0.449142724275589, 0.533272385597229, -0.4405686557292938, 0.4382190704345703, 0.5350391864776611, -0.4409129023551941, 0.42822718620300293, 0.5370413064956665, -0.4411848187446594, 0.5045185685157776, 0.5524648427963257, -0.10429004579782486, 0.4119206964969635, 0.5600978136062622, -0.26974207162857056, 0.4870002865791321, 0.6043074727058411, -0.34804025292396545, 0.44607582688331604, 0.6079812049865723, -0.3971220552921295, 0.5800350308418274, 0.7684824466705322, 0.07673103362321854, 0.3169628977775574, 0.7802598476409912, -0.2822999358177185, 0.6066980957984924, 0.9419172406196594, -0.02561403438448906, 0.26670312881469727, 1.0302448272705078, -0.5488573312759399, 0.5667596459388733, 0.8234294652938843, -0.34669747948646545, 0.35879549384117126, 0.8757290244102478, -0.8058974146842957, 0.564808189868927, 0.7811092138290405, -0.40736958384513855, 0.3928259313106537, 0.8493351340293884, -0.9047778844833374, 0.5736876726150513, 0.7589788436889648, -0.4128652513027191, 0.40053483843803406, 0.867218554019928, -0.8598536252975464, 0.5626350045204163, 0.7811146378517151, -0.369655579328537, 0.39705541729927063, 0.8801323175430298, -0.8005679845809937, 0.5666212439537048, 1.2781860828399658, 0.08506754785776138, 0.3661420941352844, 1.293907880783081, -0.07842268794775009, 0.5745111107826233, 1.6992961168289185, -0.006777861621230841, 0.3976689279079437, 1.7264134883880615, -0.13684459030628204, 0.5774176716804504, 2.085451364517212, 0.4180677533149719, 0.41292738914489746, 2.112739086151123, 0.07366441935300827, 0.5767866969108582, 2.1398351192474365, 0.46622905135154724, 0.4071522653102875, 2.1629528999328613, 0.09286457300186157, 0.5858672857284546, 2.189701557159424, 0.26382386684417725, 0.45966222882270813, 2.2295334339141846, -0.16761787235736847], "left_hand": [0.5333638191223145, 0.7976090312004089, 1.6090557153347618e-07, 0.5525857210159302, 0.7604801654815674, 0.008693530224263668, 0.5591508746147156, 0.7265677452087402, 0.008311307989060879, 0.5609303712844849, 0.6959215402603149, 0.006439069285988808, 0.5673366785049438, 0.6747406721115112, 0.003238427685573697, 0.5453121066093445, 0.695280909538269, -0.006734652444720268, 0.526578426361084, 0.6459721326828003, -0.012808196246623993, 0.5152744650840759, 0.6188149452209473, -0.014674360863864422, 0.5063814520835876, 0.5983833074569702, -0.0149885518476367, 0.5287984609603882, 0.7018590569496155, -0.014666222035884857, 0.5074012279510498, 0.6449669003486633, -0.022030601277947426, 0.4944302439689636, 0.6126975417137146, -0.02398044988512993, 0.48447707295417786, 0.5877729654312134, -0.024258075281977654, 0.5111942291259766, 0.712013304233551, -0.021078946068882942, 0.49199455976486206, 0.6583167314529419, -0.02676580287516117, 0.480460524559021, 0.6274362802505493, -0.027912043035030365, 0.4721424877643585, 0.6032156944274902, -0.027769502252340317, 0.49309247732162476, 0.7269120812416077, -0.02618183009326458, 0.4779447317123413, 0.6820301413536072, -0.030190519988536835, 0.47053396701812744, 0.6577285528182983, -0.029299741610884666, 0.46461740136146545, 0.6370277404785156, -0.027447057887911797], "right_hand": [0.0, 0.0, 0.0, 0.0, 0.0, 0.0, 0.0, 0.0, 0.0, 0.0, 0.0, 0.0, 0.0, 0.0, 0.0, 0.0, 0.0, 0.0, 0.0, 0.0, 0.0, 0.0, 0.0, 0.0, 0.0, 0.0, 0.0, 0.0, 0.0, 0.0, 0.0, 0.0, 0.0, 0.0, 0.0, 0.0, 0.0, 0.0, 0.0, 0.0, 0.0, 0.0, 0.0, 0.0, 0.0, 0.0, 0.0, 0.0, 0.0, 0.0, 0.0, 0.0, 0.0, 0.0, 0.0, 0.0, 0.0, 0.0, 0.0, 0.0, 0.0, 0.0, 0.0]}