{"body_pose": [0.46857699751853943, 0.5671936273574829, -0.40321487188339233, 0.48333415389060974, 0.5302844047546387, -0.3457503914833069, 0.49317964911460876, 0.5304310917854309, -0.34537893533706665, 0.5026817917823792, 0.5310971736907959, -0.34473755955696106, 0.4539101719856262, 0.5331044793128967, -0.3678264021873474, 0.4431273937225342, 0.5345619916915894, -0.3682345449924469, 0.4330630898475647, 0.536094605922699, -0.3685154616832733, 0.5071873068809509, 0.5530676245689392, -0.0658680722117424, 0.41558417677879333, 0.5572027564048767, -0.15710027515888214, 0.4881952702999115, 0.6028019189834595, -0.2992832362651825, 0.4478724002838135, 0.6011638641357422, -0.32691940665245056, 0.57967609167099, 0.7631917595863342, 0.07158904522657394, 0.31880709528923035, 0.770491361618042, -0.13399448990821838, 0.610066831111908, 0.9691793918609619, -0.1117430329322815, 0.2671736180782318, 1.0262202024459839, -0.4654945433139801, 0.5473060011863708, 0.7980379462242126, -0.45080938935279846, 0.36933833360671997, 0.8393433690071106, -0.7912079691886902, 0.5358781218528748, 0.7419046759605408, -0.5149232745170593, 0.40717872977256775, 0.8220667243003845, -0.8835741281509399, 0.5442319512367249, 0.7148712277412415, -0.49079659581184387, 0.40724679827690125, 0.777841329574585, -0.8269938230514526, 0.535677433013916, 0.7421957850456238, -0.4602711796760559, 0.396566241979599, 0.767656683921814, -0.7813513875007629, 0.5649040341377258, 1.2579622268676758, 0.05793727561831474, 0.36755555868148804, 1.2679541110992432, -0.051810115575790405, 0.5696457624435425, 1.6901874542236328, -0.07964689284563065, 0.39397314190864563, 1.6914565563201904, -0.11521130800247192, 0.5709177255630493, 2.07767915725708, 0.2829807996749878, 0.4059184491634369, 2.062223434448242, 0.07989098876714706, 0.5711633563041687, 2.1302342414855957, 0.32392099499702454, 0.4006839096546173, 2.1086678504943848, 0.09761796146631241, 0.5720648765563965, 2.186547040939331, 0.09056942164897919, 0.44743776321411133, 2.1802823543548584, -0.16087862849235535], "left_hand": [0.5317738056182861, 0.7933650016784668, 7.092718590229197e-08, 0.5511411428451538, 0.7598937749862671, 0.0064465077593922615, 0.5585214495658875, 0.7265238165855408, 0.005409035831689835, 0.5619175434112549, 0.6965693235397339, 0.003137561958283186, 0.5662047863006592, 0.6753841638565063, -0.0005160439177416265, 0.5445524454116821, 0.6941545009613037, -0.009392958134412766, 0.5272065997123718, 0.6440623998641968, -0.016485566273331642, 0.5161247849464417, 0.6171332597732544, -0.019255438819527626, 0.5063502192497253, 0.5974571704864502, -0.02019788883626461, 0.5281386971473694, 0.7003688216209412, -0.01675787940621376, 0.5079566836357117, 0.6428635120391846, -0.02502811886370182, 0.4955577254295349, 0.6118861436843872, -0.027503063902258873, 0.4858865737915039, 0.5895203351974487, -0.02820274606347084, 0.5103221535682678, 0.710676908493042, -0.02277754805982113, 0.4930601418018341, 0.6568584442138672, -0.02908758632838726, 0.4820711612701416, 0.6271561980247498, -0.030193304643034935, 0.47378987073898315, 0.6053017973899841, -0.030002836138010025, 0.4914673864841461, 0.7256036400794983, -0.027709810063242912, 0.47735634446144104, 0.6804163455963135, -0.03246751427650452, 0.46988001465797424, 0.6564074754714966, -0.03181904926896095, 0.4637139141559601, 0.6369198560714722, -0.030079727992415428], "right_hand": [0.3937077224254608, 0.7837182283401489, 3.025851356142084e-07, 0.3694074749946594, 0.7502602338790894, -0.003433117177337408, 0.359537810087204, 0.7152124643325806, -0.009554676711559296, 0.35906481742858887, 0.6842050552368164, -0.015052776783704758, 0.3560675382614136, 0.6594351530075073, -0.020820820704102516, 0.38866567611694336, 0.6849232912063599, -0.017248641699552536, 0.41074737906455994, 0.6400569081306458, -0.025819674134254456, 0.42373979091644287, 0.6145920157432556, -0.029853444546461105, 0.43438035249710083, 0.5948042869567871, -0.031177768483757973, 0.4099085032939911, 0.6934598684310913, -0.020038101822137833, 0.43055257201194763, 0.6428102254867554, -0.027035143226385117, 0.4431728422641754, 0.6117382645606995, -0.030107198283076286, 0.45271429419517517, 0.5884731411933899, -0.031159773468971252, 0.42872145771980286, 0.7060735821723938, -0.02226053923368454, 0.44424253702163696, 0.6571020483970642, -0.027516042813658714, 0.45566317439079285, 0.6260687112808228, -0.03061233088374138, 0.46385055780410767, 0.602745771408081, -0.03190019354224205, 0.4447266161441803, 0.7222291231155396, -0.024306153878569603, 0.4565226137638092, 0.6822633743286133, -0.02717749774456024, 0.46335655450820923, 0.6586710214614868, -0.026809150353074074, 0.4688200354576111, 0.6384830474853516, -0.025311559438705444]}