{"body_pose": [0.4757051467895508, 0.5574734210968018, -0.5570886731147766, 0.48906072974205017, 0.5284221172332764, -0.5104445219039917, 0.49847930669784546, 0.5287015438079834, -0.5102855563163757, 0.5075823068618774, 0.529473602771759, -0.5098699927330017, 0.45990973711013794, 0.5294908881187439, -0.5257682204246521, 0.44896313548088074, 0.5302644371986389, -0.5261398553848267, 0.4385509788990021, 0.531199038028717, -0.5264272689819336, 0.5108190178871155, 0.5465824604034424, -0.24104978144168854, 0.4232494831085205, 0.5464121699333191, -0.3098010718822479, 0.4931364953517914, 0.5897573232650757, -0.45416492223739624, 0.4539600908756256, 0.5885218977928162, -0.47529610991477966, 0.5651545524597168, 0.7423728704452515, -0.09687106311321259, 0.3360285460948944, 0.7538803219795227, -0.20100896060466766, 0.6117120981216431, 0.9552176594734192, -0.1734486073255539, 0.2603318989276886, 0.9944122433662415, -0.45087724924087524, 0.5520651936531067, 0.9145979881286621, -0.4346320629119873, 0.3558327257633209, 0.9476202130317688, -0.8385124802589417, 0.5426756143569946, 0.9036778807640076, -0.5020264387130737, 0.37995749711990356, 0.9503137469291687, -0.9455395340919495, 0.5440865755081177, 0.8812689185142517, -0.5104784965515137, 0.39162158966064453, 0.9105849266052246, -0.9103426933288574, 0.5378000140190125, 0.8911548852920532, -0.45492658019065857, 0.38910630345344543, 0.9146554470062256, -0.8417032957077026, 0.5549529194831848, 1.2250646352767944, 0.02742728590965271, 0.37273019552230835, 1.2292648553848267, -0.02123256027698517, 0.543158233165741, 1.6280442476272583, -0.041088614612817764, 0.38024091720581055, 1.6347841024398804, -0.04632655158638954, 0.5436951518058777, 2.0087759494781494, 0.33733096718788147, 0.3851257264614105, 2.0008304119110107, 0.16969969868659973, 0.5478492379188538, 2.0605664253234863, 0.3785843849182129, 0.3832191824913025, 2.0506677627563477, 0.19140812754631042, 0.5198448896408081, 2.1133971214294434, 0.15086176991462708, 0.40036091208457947, 2.1101322174072266, -0.05702454224228859], "left_hand": [0.0, 0.0, 0.0, 0.0, 0.0, 0.0, 0.0, 0.0, 0.0, 0.0, 0.0, 0.0, 0.0, 0.0, 0.0, 0.0, 0.0, 0.0, 0.0, 0.0, 0.0, 0.0, 0.0, 0.0, 0.0, 0.0, 0.0, 0.0, 0.0, 0.0, 0.0, 0.0, 0.0, 0.0, 0.0, 0.0, 0.0, 0.0, 0.0, 0.0, 0.0, 0.0, 0.0, 0.0, 0.0, 0.0, 0.0, 0.0, 0.0, 0.0, 0.0, 0.0, 0.0, 0.0, 0.0, 0.0, 0.0, 0.0, 0.0, 0.0, 0.0, 0.0, 0.0], "right_hand": [0.0, 0.0, 0.0, 0.0, 0.0, 0.0, 0.0, 0.0, 0.0, 0.0, 0.0, 0.0, 0.0, 0.0, 0.0, 0.0, 0.0, 0.0, 0.0, 0.0, 0.0, 0.0, 0.0, 0.0, 0.0, 0.0, 0.0, 0.0, 0.0, 0.0, 0.0, 0.0, 0.0, 0.0, 0.0, 0.0, 0.0, 0.0, 0.0, 0.0, 0.0, 0.0, 0.0, 0.0, 0.0, 0.0, 0.0, 0.0, 0.0, 0.0, 0.0, 0.0, 0.0, 0.0, 0.0, 0.0, 0.0, 0.0, 0.0, 0.0, 0.0, 0.0, 0.0]}