{"body_pose": [0.4765402674674988, 0.5583181381225586, -0.5228695273399353, 0.4898281395435333, 0.5291918516159058, -0.4736441969871521, 0.4992128014564514, 0.529574453830719, -0.4734070301055908, 0.5083280801773071, 0.5304363965988159, -0.4729323983192444, 0.46085137128829956, 0.5297479033470154, -0.4892738461494446, 0.44985976815223694, 0.5303707718849182, -0.4896223545074463, 0.43922266364097595, 0.5312346816062927, -0.4898994565010071, 0.5113111138343811, 0.5473677515983582, -0.2074696570634842, 0.42309218645095825, 0.5464646220207214, -0.2725260555744171, 0.4932670593261719, 0.5905414819717407, -0.42164134979248047, 0.4543851315975189, 0.5890946984291077, -0.44225090742111206, 0.5652603507041931, 0.7425934672355652, -0.07546546310186386, 0.33196502923965454, 0.7541764974594116, -0.18576498329639435, 0.6044794917106628, 0.9573642015457153, -0.09124230593442917, 0.2600474953651428, 0.9961392879486084, -0.43494364619255066, 0.5574464797973633, 1.0647361278533936, -0.3081631660461426, 0.3839894235134125, 0.9400765299797058, -0.7896193861961365, 0.5645686388015747, 1.0965102910995483, -0.36556223034858704, 0.4158480763435364, 0.9384264349937439, -0.8907644152641296, 0.5470167994499207, 1.0878288745880127, -0.3958311676979065, 0.4328349530696869, 0.8987539410591125, -0.8573023676872253, 0.546755313873291, 1.0791856050491333, -0.3347753584384918, 0.4274803102016449, 0.9037268161773682, -0.7928608059883118, 0.5540886521339417, 1.2268822193145752, 0.022656690329313278, 0.3712370991706848, 1.2299768924713135, -0.0165324117988348, 0.5427150130271912, 1.637637972831726, -0.06138961762189865, 0.377453088760376, 1.641809105873108, -0.060204602777957916, 0.5443264245986938, 2.017101287841797, 0.3371643126010895, 0.38495758175849915, 2.0095858573913574, 0.185653418302536, 0.5479257106781006, 2.068838119506836, 0.3806820213794708, 0.3832862377166748, 2.059711217880249, 0.2093857079744339, 0.51738041639328, 2.115633964538574, 0.15565119683742523, 0.3972797393798828, 2.1220784187316895, -0.040794022381305695], "left_hand": [0.0, 0.0, 0.0, 0.0, 0.0, 0.0, 0.0, 0.0, 0.0, 0.0, 0.0, 0.0, 0.0, 0.0, 0.0, 0.0, 0.0, 0.0, 0.0, 0.0, 0.0, 0.0, 0.0, 0.0, 0.0, 0.0, 0.0, 0.0, 0.0, 0.0, 0.0, 0.0, 0.0, 0.0, 0.0, 0.0, 0.0, 0.0, 0.0, 0.0, 0.0, 0.0, 0.0, 0.0, 0.0, 0.0, 0.0, 0.0, 0.0, 0.0, 0.0, 0.0, 0.0, 0.0, 0.0, 0.0, 0.0, 0.0, 0.0, 0.0, 0.0, 0.0, 0.0], "right_hand": [0.0, 0.0, 0.0, 0.0, 0.0, 0.0, 0.0, 0.0, 0.0, 0.0, 0.0, 0.0, 0.0, 0.0, 0.0, 0.0, 0.0, 0.0, 0.0, 0.0, 0.0, 0.0, 0.0, 0.0, 0.0, 0.0, 0.0, 0.0, 0.0, 0.0, 0.0, 0.0, 0.0, 0.0, 0.0, 0.0, 0.0, 0.0, 0.0, 0.0, 0.0, 0.0, 0.0, 0.0, 0.0, 0.0, 0.0, 0.0, 0.0, 0.0, 0.0, 0.0, 0.0, 0.0, 0.0, 0.0, 0.0, 0.0, 0.0, 0.0, 0.0, 0.0, 0.0]}