{"body_pose": [0.4764541983604431, 0.5617610216140747, -0.43463554978370667, 0.4904317557811737, 0.5310367345809937, -0.3861914575099945, 0.4998553395271301, 0.5315331816673279, -0.3861355483531952, 0.5089111924171448, 0.5325033068656921, -0.38551849126815796, 0.4611896574497223, 0.5306677222251892, -0.40178966522216797, 0.45000359416007996, 0.5308641195297241, -0.4020163416862488, 0.43919259309768677, 0.5314377546310425, -0.4022151529788971, 0.5117374062538147, 0.5484968423843384, -0.13218803703784943, 0.42304959893226624, 0.5465390086174011, -0.19854886829853058, 0.4930693805217743, 0.5947126746177673, -0.33924147486686707, 0.45430320501327515, 0.591947615146637, -0.3604234755039215, 0.5640203952789307, 0.7428757548332214, -0.007877742871642113, 0.3273204267024994, 0.7553977966308594, -0.12786240875720978, 0.6095593571662903, 0.9656956195831299, -0.07991842180490494, 0.2615841031074524, 0.996738612651825, -0.3622714579105377, 0.5669293403625488, 0.972628116607666, -0.35324859619140625, 0.38680312037467957, 0.943970263004303, -0.669889509677887, 0.5699783563613892, 0.9674127101898193, -0.41395989060401917, 0.41777506470680237, 0.9498252272605896, -0.7584484815597534, 0.5519458651542664, 0.9479097127914429, -0.41600093245506287, 0.42682042717933655, 0.9115819334983826, -0.7200220227241516, 0.5520802736282349, 0.9552688002586365, -0.37128910422325134, 0.42215496301651, 0.9157530069351196, -0.6691449284553528, 0.5373729467391968, 1.2236499786376953, 0.02178739383816719, 0.35255029797554016, 1.2187515497207642, -0.015448621474206448, 0.5266203284263611, 1.6195911169052124, -0.1827065795660019, 0.36046984791755676, 1.6107351779937744, -0.1379910707473755, 0.5345531702041626, 2.0024266242980957, 0.11860650777816772, 0.37595540285110474, 1.9845200777053833, 2.6220406653010286e-05, 0.541343092918396, 2.055974245071411, 0.15249358117580414, 0.37669143080711365, 2.0350301265716553, 0.012391789816319942, 0.5048896074295044, 2.103661060333252, -0.0775732472538948, 0.386558473110199, 2.0974817276000977, -0.23853038251399994], "left_hand": [0.0, 0.0, 0.0, 0.0, 0.0, 0.0, 0.0, 0.0, 0.0, 0.0, 0.0, 0.0, 0.0, 0.0, 0.0, 0.0, 0.0, 0.0, 0.0, 0.0, 0.0, 0.0, 0.0, 0.0, 0.0, 0.0, 0.0, 0.0, 0.0, 0.0, 0.0, 0.0, 0.0, 0.0, 0.0, 0.0, 0.0, 0.0, 0.0, 0.0, 0.0, 0.0, 0.0, 0.0, 0.0, 0.0, 0.0, 0.0, 0.0, 0.0, 0.0, 0.0, 0.0, 0.0, 0.0, 0.0, 0.0, 0.0, 0.0, 0.0, 0.0, 0.0, 0.0], "right_hand": [0.0, 0.0, 0.0, 0.0, 0.0, 0.0, 0.0, 0.0, 0.0, 0.0, 0.0, 0.0, 0.0, 0.0, 0.0, 0.0, 0.0, 0.0, 0.0, 0.0, 0.0, 0.0, 0.0, 0.0, 0.0, 0.0, 0.0, 0.0, 0.0, 0.0, 0.0, 0.0, 0.0, 0.0, 0.0, 0.0, 0.0, 0.0, 0.0, 0.0, 0.0, 0.0, 0.0, 0.0, 0.0, 0.0, 0.0, 0.0, 0.0, 0.0, 0.0, 0.0, 0.0, 0.0, 0.0, 0.0, 0.0, 0.0, 0.0, 0.0, 0.0, 0.0, 0.0]}