{"body_pose": [0.476383239030838, 0.5640653967857361, -0.33296579122543335, 0.49060049653053284, 0.5335438251495361, -0.2801840603351593, 0.49998754262924194, 0.5341029167175293, -0.27994510531425476, 0.5089587569236755, 0.5350852012634277, -0.279255211353302, 0.46114346385002136, 0.5327258706092834, -0.29794755578041077, 0.44987064599990845, 0.5326014161109924, -0.29819628596305847, 0.439073383808136, 0.5328847765922546, -0.29843148589134216, 0.5117473006248474, 0.5508387088775635, -0.01748138852417469, 0.42281395196914673, 0.5474379062652588, -0.09191865473985672, 0.4928464889526367, 0.5975573062896729, -0.23609599471092224, 0.4542653560638428, 0.5954034328460693, -0.2595817744731903, 0.5616053938865662, 0.7470139265060425, 0.07746344804763794, 0.3254118859767914, 0.761877179145813, -0.045279331505298615, 0.5973019599914551, 0.9628817439079285, -0.13977265357971191, 0.266225665807724, 0.9981396198272705, -0.30588358640670776, 0.553191602230072, 0.8194804787635803, -0.5737002491950989, 0.3905303180217743, 0.9759367108345032, -0.6402717232704163, 0.5427201986312866, 0.7743602395057678, -0.6667367815971375, 0.42206692695617676, 0.9908716678619385, -0.7304887771606445, 0.5367007851600647, 0.7486276626586914, -0.623277485370636, 0.4332108497619629, 0.952174723148346, -0.6943217515945435, 0.5229581594467163, 0.7649296522140503, -0.5793085098266602, 0.4273656904697418, 0.9515909552574158, -0.6417409777641296, 0.5379250645637512, 1.2296075820922852, 0.02523518167436123, 0.35220247507095337, 1.2232623100280762, -0.01893211342394352, 0.5301465392112732, 1.62201726436615, -0.10897307097911835, 0.36300259828567505, 1.622565507888794, -0.10042357444763184, 0.5361409187316895, 2.0082178115844727, 0.21943224966526031, 0.3768335282802582, 1.9948662519454956, 0.029473034664988518, 0.5419528484344482, 2.06223726272583, 0.2526238262653351, 0.37704721093177795, 2.044759750366211, 0.03947410359978676, 0.5080779194831848, 2.1124181747436523, 0.035487376153469086, 0.3891083300113678, 2.1093413829803467, -0.1636473834514618], "left_hand": [0.5530831217765808, 0.875522255897522, -5.5323173597798814e-08, 0.58028644323349, 0.8512653708457947, -0.010635088197886944, 0.5993403792381287, 0.8081420660018921, -0.02452702261507511, 0.6121740937232971, 0.7673478722572327, -0.03601733222603798, 0.6283494830131531, 0.7396972179412842, -0.04978310689330101, 0.590196967124939, 0.8229762315750122, -0.051035076379776, 0.5759623646736145, 0.7697277665138245, -0.07053409516811371, 0.5628696084022522, 0.7451022267341614, -0.0803709626197815, 0.5514910817146301, 0.7268967032432556, -0.08611135929822922, 0.5616853833198547, 0.8361544013023376, -0.05474032834172249, 0.5464134812355042, 0.7761294841766357, -0.07096916437149048, 0.5343663096427917, 0.7432109117507935, -0.07609833031892776, 0.5251685976982117, 0.7208042740821838, -0.08179798722267151, 0.5341033935546875, 0.8464596271514893, -0.05724376440048218, 0.5198599696159363, 0.7929021120071411, -0.0713798776268959, 0.5108392238616943, 0.7617538571357727, -0.07351472228765488, 0.504725992679596, 0.7386983036994934, -0.07643141597509384, 0.5077378749847412, 0.8546903729438782, -0.05953111872076988, 0.49875715374946594, 0.8108080625534058, -0.07142381370067596, 0.4967721104621887, 0.7877897024154663, -0.0728418380022049, 0.49553918838500977, 0.768574059009552, -0.07479023188352585], "right_hand": [0.0, 0.0, 0.0, 0.0, 0.0, 0.0, 0.0, 0.0, 0.0, 0.0, 0.0, 0.0, 0.0, 0.0, 0.0, 0.0, 0.0, 0.0, 0.0, 0.0, 0.0, 0.0, 0.0, 0.0, 0.0, 0.0, 0.0, 0.0, 0.0, 0.0, 0.0, 0.0, 0.0, 0.0, 0.0, 0.0, 0.0, 0.0, 0.0, 0.0, 0.0, 0.0, 0.0, 0.0, 0.0, 0.0, 0.0, 0.0, 0.0, 0.0, 0.0, 0.0, 0.0, 0.0, 0.0, 0.0, 0.0, 0.0, 0.0, 0.0, 0.0, 0.0, 0.0]}