{"body_pose": [0.4757820963859558, 0.5660862922668457, -0.36948108673095703, 0.4905378222465515, 0.5352829694747925, -0.30604952573776245, 0.5000306367874146, 0.5359577536582947, -0.30683770775794983, 0.509212076663971, 0.5371249914169312, -0.3063909411430359, 0.46068623661994934, 0.5345333814620972, -0.3064038157463074, 0.4491548538208008, 0.5345167517662048, -0.30695217847824097, 0.4382787048816681, 0.5348743200302124, -0.3073146939277649, 0.5142781138420105, 0.5537991523742676, -0.04972824081778526, 0.4223179519176483, 0.5496532917022705, -0.13919194042682648, 0.4926004111766815, 0.6000651121139526, -0.26192325353622437, 0.4533202648162842, 0.5976174473762512, -0.26439180970191956, 0.5736249089241028, 0.7721382975578308, 0.043724726885557175, 0.3254852592945099, 0.7707459926605225, -0.07958792895078659, 0.6020875573158264, 0.9903345704078674, -0.19072434306144714, 0.26733797788619995, 1.0001906156539917, -0.33918315172195435, 0.5618427395820618, 0.9535474181175232, -0.5798373818397522, 0.39933833479881287, 0.9775840044021606, -0.765859067440033, 0.5522137880325317, 0.9406809210777283, -0.6695469617843628, 0.4292313754558563, 0.9909682273864746, -0.8751645684242249, 0.5460737347602844, 0.9156011939048767, -0.6618233919143677, 0.4396789073944092, 0.9518935084342957, -0.8436646461486816, 0.5329486131668091, 0.9251032471656799, -0.5985841751098633, 0.43407168984413147, 0.9517707824707031, -0.7732189893722534, 0.5385385751724243, 1.2587800025939941, 0.025208832696080208, 0.3476792871952057, 1.2447983026504517, -0.018618257716298103, 0.5284770131111145, 1.6549345254898071, -0.10207764059305191, 0.35576704144477844, 1.6428812742233276, -0.10373198986053467, 0.5338355898857117, 2.038027286529541, 0.23926259577274323, 0.36538028717041016, 2.011935234069824, 0.0978216901421547, 0.5402342677116394, 2.0943500995635986, 0.2864925265312195, 0.365464448928833, 2.0628769397735596, 0.12440358847379684, 0.5030535459518433, 2.1406772136688232, 0.04999899864196777, 0.37442830204963684, 2.126145601272583, -0.12683551013469696], "left_hand": [0.0, 0.0, 0.0, 0.0, 0.0, 0.0, 0.0, 0.0, 0.0, 0.0, 0.0, 0.0, 0.0, 0.0, 0.0, 0.0, 0.0, 0.0, 0.0, 0.0, 0.0, 0.0, 0.0, 0.0, 0.0, 0.0, 0.0, 0.0, 0.0, 0.0, 0.0, 0.0, 0.0, 0.0, 0.0, 0.0, 0.0, 0.0, 0.0, 0.0, 0.0, 0.0, 0.0, 0.0, 0.0, 0.0, 0.0, 0.0, 0.0, 0.0, 0.0, 0.0, 0.0, 0.0, 0.0, 0.0, 0.0, 0.0, 0.0, 0.0, 0.0, 0.0, 0.0], "right_hand": [0.4009586274623871, 0.9968982934951782, 7.943414814803873e-09, 0.3756105303764343, 0.9582024812698364, -0.01477447897195816, 0.36215054988861084, 0.9126425981521606, -0.02785375714302063, 0.3549836575984955, 0.8741690516471863, -0.03803705796599388, 0.34668630361557007, 0.8429123759269714, -0.048388347029685974, 0.3859651982784271, 0.9277690052986145, -0.04227140545845032, 0.4056646525859833, 0.8793501853942871, -0.0572214275598526, 0.4196203947067261, 0.850113034248352, -0.06355831772089005, 0.43229496479034424, 0.8274568915367126, -0.06672351062297821, 0.41477006673812866, 0.9455060958862305, -0.04150402545928955, 0.43873798847198486, 0.8882685303688049, -0.0530201755464077, 0.4522046148777008, 0.8520011901855469, -0.0564199723303318, 0.4630638659000397, 0.8243271708488464, -0.05967618152499199, 0.4401402175426483, 0.9563090205192566, -0.04022766277194023, 0.46057549118995667, 0.9012010097503662, -0.04983235150575638, 0.4708619713783264, 0.8656442761421204, -0.05268401280045509, 0.4780021905899048, 0.8362135291099548, -0.05460862070322037, 0.46039879322052, 0.9600553512573242, -0.03957187384366989, 0.4771677553653717, 0.9128857851028442, -0.04662368446588516, 0.48308467864990234, 0.8836001753807068, -0.047384027391672134, 0.48608776926994324, 0.8574330806732178, -0.04770835489034653]}