{"body_pose": [0.47643670439720154, 0.5670716762542725, -0.41883158683776855, 0.49122172594070435, 0.5359553098678589, -0.3596530556678772, 0.5010184049606323, 0.5364224910736084, -0.3603338301181793, 0.5103089213371277, 0.5373814105987549, -0.3600171208381653, 0.4609318673610687, 0.5362138748168945, -0.3449693024158478, 0.44924697279930115, 0.5366629958152771, -0.34543755650520325, 0.4382074475288391, 0.5376226305961609, -0.34581953287124634, 0.5177000761032104, 0.553991436958313, -0.06674279272556305, 0.4222516119480133, 0.5529727339744568, -0.15244372189044952, 0.49403923749923706, 0.600305438041687, -0.30392321944236755, 0.4547019898891449, 0.5994631052017212, -0.27696967124938965, 0.5856059789657593, 0.7755213975906372, 0.003658098867163062, 0.32717302441596985, 0.7752408385276794, -0.07617044448852539, 0.6040433049201965, 1.0011636018753052, -0.27983149886131287, 0.2755158841609955, 1.0135228633880615, -0.34096989035606384, 0.5003383755683899, 0.9705811142921448, -0.7076990008354187, 0.3938177525997162, 0.9739713072776794, -0.7516436576843262, 0.48596709966659546, 0.9745118618011475, -0.810789942741394, 0.4278383255004883, 0.9810760617256165, -0.8545146584510803, 0.4459960162639618, 0.9262211322784424, -0.780136227607727, 0.4340626299381256, 0.9399908185005188, -0.8242153525352478, 0.45092663168907166, 0.9302887916564941, -0.7147970199584961, 0.42962411046028137, 0.9408430457115173, -0.7581140398979187, 0.5432328581809998, 1.25813627243042, 0.02198122814297676, 0.3517199456691742, 1.2467931509017944, -0.01547692809253931, 0.5308125615119934, 1.6550984382629395, -0.09821830689907074, 0.3580007553100586, 1.643434762954712, -0.09820672124624252, 0.5348554253578186, 2.0322999954223633, 0.30895859003067017, 0.3668176531791687, 2.0132639408111572, 0.1490367352962494, 0.540798008441925, 2.0859718322753906, 0.3606462776660919, 0.36581748723983765, 2.063751459121704, 0.17751003801822662, 0.5062194466590881, 2.133627414703369, 0.13405033946037292, 0.37849894165992737, 2.1262972354888916, -0.07258444279432297], "left_hand": [0.42996856570243835, 0.9703779816627502, 1.9911905013714204e-08, 0.39762556552886963, 0.9602218866348267, -0.01890536956489086, 0.36830824613571167, 0.9481586813926697, -0.03253494203090668, 0.3471863567829132, 0.9299479126930237, -0.04270288348197937, 0.3315850794315338, 0.9102770686149597, -0.05299533158540726, 0.3952042758464813, 0.9600765705108643, -0.04675816744565964, 0.3991682231426239, 0.9639109373092651, -0.07078957557678223, 0.4059618413448334, 0.9619572162628174, -0.08638302981853485, 0.4132091999053955, 0.9607099294662476, -0.0954526737332344, 0.4202248752117157, 0.9675432443618774, -0.046239640563726425, 0.4250459372997284, 0.976164698600769, -0.06821732968091965, 0.4279957115650177, 0.9711310863494873, -0.07960773259401321, 0.4291452467441559, 0.9637778997421265, -0.08957906067371368, 0.4385964870452881, 0.9736455678939819, -0.045472051948308945, 0.4438025653362274, 0.9785078763961792, -0.06707072257995605, 0.44734373688697815, 0.9720746278762817, -0.0708436369895935, 0.451129287481308, 0.9657039046287537, -0.07291243225336075, 0.4513509273529053, 0.977609395980835, -0.04546689614653587, 0.4557921886444092, 0.9775046110153198, -0.06350386142730713, 0.46129047870635986, 0.9723058342933655, -0.06475585699081421, 0.4661718010902405, 0.9680302143096924, -0.06445281952619553], "right_hand": [0.40543022751808167, 1.0001670122146606, 1.3834505807608366e-07, 0.3817376494407654, 0.9830713868141174, -0.02713666297495365, 0.35874295234680176, 0.9559565186500549, -0.04929712042212486, 0.33856287598609924, 0.9283759593963623, -0.06728648394346237, 0.3234447240829468, 0.9080782532691956, -0.08580376952886581, 0.4040311574935913, 0.9620350003242493, -0.05320243164896965, 0.41429978609085083, 0.9493217468261719, -0.07301328331232071, 0.426143616437912, 0.9419244527816772, -0.08563545346260071, 0.4363359212875366, 0.9393863677978516, -0.09356129914522171, 0.42874282598495483, 0.9704878926277161, -0.04761413857340813, 0.4473610520362854, 0.9507767558097839, -0.06424981355667114, 0.46130383014678955, 0.9461140632629395, -0.0710611492395401, 0.47070571780204773, 0.9506797790527344, -0.07654454559087753, 0.4461613595485687, 0.9764668941497803, -0.04268453270196915, 0.465365469455719, 0.9553102254867554, -0.05695436894893646, 0.4787219166755676, 0.9539949893951416, -0.06211812049150467, 0.4909263253211975, 0.9581892490386963, -0.06582433730363846, 0.45654183626174927, 0.980577826499939, -0.039331890642642975, 0.4731089472770691, 0.9654965400695801, -0.05001487955451012, 0.48801085352897644, 0.9622795581817627, -0.05363893881440163, 0.5014654397964478, 0.9638857841491699, -0.056397806853055954]}