{"body_pose": [0.47729238867759705, 0.5673791766166687, -0.6705097556114197, 0.4917554259300232, 0.536051869392395, -0.6194366812705994, 0.501580536365509, 0.5364862680435181, -0.6195535063743591, 0.5108934044837952, 0.5374002456665039, -0.619077742099762, 0.46109238266944885, 0.5366575717926025, -0.6255345344543457, 0.4492426812648773, 0.5374284982681274, -0.6256388425827026, 0.4381432831287384, 0.5388504862785339, -0.6257142424583435, 0.5189521908760071, 0.5540813207626343, -0.32495003938674927, 0.42175206542015076, 0.555523157119751, -0.36316683888435364, 0.49506279826164246, 0.6003108024597168, -0.5597547292709351, 0.4555547833442688, 0.60014808177948, -0.5684146285057068, 0.5889683365821838, 0.7747410535812378, -0.18431325256824493, 0.32738441228866577, 0.7806919813156128, -0.22812172770500183, 0.6051191687583923, 1.0016528367996216, -0.2392566055059433, 0.2808459401130676, 1.0140788555145264, -0.35365208983421326, 0.5264065861701965, 1.1747039556503296, -0.5250818729400635, 0.33640459179878235, 1.2205917835235596, -0.7539910078048706, 0.533110499382019, 1.2396718263626099, -0.5986159443855286, 0.33830997347831726, 1.2877119779586792, -0.857581615447998, 0.48453617095947266, 1.2328747510910034, -0.7527972459793091, 0.36287087202072144, 1.2682042121887207, -0.8756743669509888, 0.481426477432251, 1.2095857858657837, -0.5731505751609802, 0.3680010437965393, 1.2429455518722534, -0.7774350047111511, 0.5437183380126953, 1.2576972246170044, 0.025779981166124344, 0.36642986536026, 1.2467176914215088, -0.01913277618587017, 0.5320954918861389, 1.6562721729278564, -0.10307077318429947, 0.35919275879859924, 1.6433088779449463, -0.10545361787080765, 0.5307604670524597, 2.0289883613586426, 0.33436843752861023, 0.3619869351387024, 1.9999281167984009, 0.170267716050148, 0.5327873826026917, 2.083702564239502, 0.38638681173324585, 0.3597807288169861, 2.0509238243103027, 0.19744078814983368, 0.5065571069717407, 2.134448528289795, 0.16017593443393707, 0.37943974137306213, 2.1172103881835938, -0.06287752091884613], "left_hand": [0.0, 0.0, 0.0, 0.0, 0.0, 0.0, 0.0, 0.0, 0.0, 0.0, 0.0, 0.0, 0.0, 0.0, 0.0, 0.0, 0.0, 0.0, 0.0, 0.0, 0.0, 0.0, 0.0, 0.0, 0.0, 0.0, 0.0, 0.0, 0.0, 0.0, 0.0, 0.0, 0.0, 0.0, 0.0, 0.0, 0.0, 0.0, 0.0, 0.0, 0.0, 0.0, 0.0, 0.0, 0.0, 0.0, 0.0, 0.0, 0.0, 0.0, 0.0, 0.0, 0.0, 0.0, 0.0, 0.0, 0.0, 0.0, 0.0, 0.0, 0.0, 0.0, 0.0], "right_hand": [0.0, 0.0, 0.0, 0.0, 0.0, 0.0, 0.0, 0.0, 0.0, 0.0, 0.0, 0.0, 0.0, 0.0, 0.0, 0.0, 0.0, 0.0, 0.0, 0.0, 0.0, 0.0, 0.0, 0.0, 0.0, 0.0, 0.0, 0.0, 0.0, 0.0, 0.0, 0.0, 0.0, 0.0, 0.0, 0.0, 0.0, 0.0, 0.0, 0.0, 0.0, 0.0, 0.0, 0.0, 0.0, 0.0, 0.0, 0.0, 0.0, 0.0, 0.0, 0.0, 0.0, 0.0, 0.0, 0.0, 0.0, 0.0, 0.0, 0.0, 0.0, 0.0, 0.0]}