{"body_pose": [0.4772685468196869, 0.5703364610671997, -0.7613650560379028, 0.4918365478515625, 0.538843035697937, -0.7086663842201233, 0.5016767978668213, 0.5393197536468506, -0.7085605263710022, 0.511029064655304, 0.5401608943939209, -0.7081656455993652, 0.46104034781455994, 0.5392006635665894, -0.7234582304954529, 0.44921165704727173, 0.5400139093399048, -0.7235199809074402, 0.43806177377700806, 0.5415142774581909, -0.7234640717506409, 0.5192824602127075, 0.5562838912010193, -0.3986033499240875, 0.42132142186164856, 0.5581755638122559, -0.46552056074142456, 0.4950255751609802, 0.6027828454971313, -0.6434783339500427, 0.4554991126060486, 0.6026761531829834, -0.6635610461235046, 0.5895000696182251, 0.7758107781410217, -0.21612785756587982, 0.32714539766311646, 0.7844822406768799, -0.33157190680503845, 0.6064273715019226, 0.9995946288108826, -0.22538134455680847, 0.28138747811317444, 1.0160260200500488, -0.3980405926704407, 0.6011200547218323, 1.202641248703003, -0.5510048270225525, 0.30449122190475464, 1.2895408868789673, -0.7433981895446777, 0.6185091137886047, 1.265299677848816, -0.6316009759902954, 0.2941128611564636, 1.3696234226226807, -0.8397906422615051, 0.5900969505310059, 1.2639518976211548, -0.7104821801185608, 0.32407376170158386, 1.3645050525665283, -0.8698288202285767, 0.5789427757263184, 1.2407240867614746, -0.5974852442741394, 0.33268460631370544, 1.3334147930145264, -0.7668185234069824, 0.5440922975540161, 1.2582406997680664, 0.04501403495669365, 0.3635621964931488, 1.2528022527694702, -0.03819753974676132, 0.5332573652267456, 1.656445026397705, -0.07172058522701263, 0.3603284955024719, 1.6437628269195557, -0.11797844618558884, 0.5316633582115173, 2.020993709564209, 0.4388020932674408, 0.36180511116981506, 2.002330780029297, 0.20334582030773163, 0.5339794754981995, 2.077558755874634, 0.4935021698474884, 0.35822924971580505, 2.0532734394073486, 0.23214402794837952, 0.5087687373161316, 2.129822254180908, 0.2718808054924011, 0.38052672147750854, 2.119499921798706, -0.03786318749189377], "left_hand": [0.0, 0.0, 0.0, 0.0, 0.0, 0.0, 0.0, 0.0, 0.0, 0.0, 0.0, 0.0, 0.0, 0.0, 0.0, 0.0, 0.0, 0.0, 0.0, 0.0, 0.0, 0.0, 0.0, 0.0, 0.0, 0.0, 0.0, 0.0, 0.0, 0.0, 0.0, 0.0, 0.0, 0.0, 0.0, 0.0, 0.0, 0.0, 0.0, 0.0, 0.0, 0.0, 0.0, 0.0, 0.0, 0.0, 0.0, 0.0, 0.0, 0.0, 0.0, 0.0, 0.0, 0.0, 0.0, 0.0, 0.0, 0.0, 0.0, 0.0, 0.0, 0.0, 0.0], "right_hand": [0.0, 0.0, 0.0, 0.0, 0.0, 0.0, 0.0, 0.0, 0.0, 0.0, 0.0, 0.0, 0.0, 0.0, 0.0, 0.0, 0.0, 0.0, 0.0, 0.0, 0.0, 0.0, 0.0, 0.0, 0.0, 0.0, 0.0, 0.0, 0.0, 0.0, 0.0, 0.0, 0.0, 0.0, 0.0, 0.0, 0.0, 0.0, 0.0, 0.0, 0.0, 0.0, 0.0, 0.0, 0.0, 0.0, 0.0, 0.0, 0.0, 0.0, 0.0, 0.0, 0.0, 0.0, 0.0, 0.0, 0.0, 0.0, 0.0, 0.0, 0.0, 0.0, 0.0]}