{"body_pose": [0.4769158363342285, 0.5753351449966431, -0.7227263450622559, 0.4917122423648834, 0.5433470010757446, -0.672219455242157, 0.5016260147094727, 0.5437074303627014, -0.6720868945121765, 0.5110133290290833, 0.5444283485412598, -0.6717120409011841, 0.46063321828842163, 0.543703019618988, -0.6868310570716858, 0.4487557113170624, 0.5444303750991821, -0.6869019269943237, 0.43769675493240356, 0.5458662509918213, -0.6868144869804382, 0.5192981362342834, 0.5599015355110168, -0.3748655915260315, 0.4206926226615906, 0.5619552731513977, -0.4400036931037903, 0.4948514401912689, 0.6077966690063477, -0.6098305583000183, 0.4551241397857666, 0.6079235672950745, -0.6296579241752625, 0.5892529487609863, 0.7767758965492249, -0.20016434788703918, 0.3268919587135315, 0.786271333694458, -0.31974464654922485, 0.6077088713645935, 0.9988638162612915, -0.21629571914672852, 0.2805737853050232, 1.0163663625717163, -0.39512449502944946, 0.6247335076332092, 1.2045766115188599, -0.5455983281135559, 0.2903285622596741, 1.2900257110595703, -0.6659525036811829, 0.6453028321266174, 1.2656670808792114, -0.6219269037246704, 0.2755049467086792, 1.3704051971435547, -0.7539083361625671, 0.6222867369651794, 1.2659437656402588, -0.6744069457054138, 0.30850765109062195, 1.3701932430267334, -0.8224563598632812, 0.6088976263999939, 1.2439725399017334, -0.5813106298446655, 0.31845107674598694, 1.339287519454956, -0.7054808735847473, 0.5438259243965149, 1.2587751150131226, 0.051686834543943405, 0.36121782660484314, 1.256398320198059, -0.044724661856889725, 0.5338584184646606, 1.657180905342102, -0.05752342939376831, 0.3608842194080353, 1.6489201784133911, -0.13137544691562653, 0.5323697924613953, 2.016180992126465, 0.4242813289165497, 0.36024466156959534, 2.003211736679077, 0.19261404871940613, 0.5347158312797546, 2.073636293411255, 0.47549334168434143, 0.35556331276893616, 2.059392213821411, 0.21953053772449493, 0.5093849897384644, 2.124506711959839, 0.25974708795547485, 0.38220643997192383, 2.120818614959717, -0.04513214901089668], "left_hand": [0.0, 0.0, 0.0, 0.0, 0.0, 0.0, 0.0, 0.0, 0.0, 0.0, 0.0, 0.0, 0.0, 0.0, 0.0, 0.0, 0.0, 0.0, 0.0, 0.0, 0.0, 0.0, 0.0, 0.0, 0.0, 0.0, 0.0, 0.0, 0.0, 0.0, 0.0, 0.0, 0.0, 0.0, 0.0, 0.0, 0.0, 0.0, 0.0, 0.0, 0.0, 0.0, 0.0, 0.0, 0.0, 0.0, 0.0, 0.0, 0.0, 0.0, 0.0, 0.0, 0.0, 0.0, 0.0, 0.0, 0.0, 0.0, 0.0, 0.0, 0.0, 0.0, 0.0], "right_hand": [0.0, 0.0, 0.0, 0.0, 0.0, 0.0, 0.0, 0.0, 0.0, 0.0, 0.0, 0.0, 0.0, 0.0, 0.0, 0.0, 0.0, 0.0, 0.0, 0.0, 0.0, 0.0, 0.0, 0.0, 0.0, 0.0, 0.0, 0.0, 0.0, 0.0, 0.0, 0.0, 0.0, 0.0, 0.0, 0.0, 0.0, 0.0, 0.0, 0.0, 0.0, 0.0, 0.0, 0.0, 0.0, 0.0, 0.0, 0.0, 0.0, 0.0, 0.0, 0.0, 0.0, 0.0, 0.0, 0.0, 0.0, 0.0, 0.0, 0.0, 0.0, 0.0, 0.0]}