{"body_pose": [0.47687456011772156, 0.579434871673584, -0.7684106230735779, 0.4917426109313965, 0.5464193820953369, -0.7174695730209351, 0.5017310976982117, 0.5465454459190369, -0.7174767255783081, 0.5112196207046509, 0.5470802187919617, -0.7172161340713501, 0.46057137846946716, 0.5471050143241882, -0.7314742803573608, 0.4485950767993927, 0.5477360486984253, -0.7315903902053833, 0.4374663233757019, 0.5490379929542542, -0.7315738797187805, 0.5204562544822693, 0.5623113512992859, -0.4084291458129883, 0.42033740878105164, 0.5644159317016602, -0.47120609879493713, 0.4948454201221466, 0.6117441654205322, -0.6501153111457825, 0.4551165699958801, 0.6122550368309021, -0.6693207621574402, 0.5913116335868835, 0.7802557349205017, -0.21496270596981049, 0.3269871175289154, 0.7873844504356384, -0.3324005901813507, 0.6087326407432556, 1.0005524158477783, -0.214438796043396, 0.2800191640853882, 1.0168670415878296, -0.39594823122024536, 0.6449170708656311, 1.2056618928909302, -0.5606250166893005, 0.28245052695274353, 1.2814438343048096, -0.6793642640113831, 0.6675129532814026, 1.263960838317871, -0.6404224634170532, 0.2673793137073517, 1.3589839935302734, -0.7663384675979614, 0.6510521173477173, 1.2624396085739136, -0.7139061093330383, 0.29679808020591736, 1.3563766479492188, -0.8638791441917419, 0.6362691521644592, 1.241618037223816, -0.6071645021438599, 0.30704265832901, 1.3267282247543335, -0.7390438914299011, 0.5440508723258972, 1.2607353925704956, 0.050366099923849106, 0.36095482110977173, 1.2610434293746948, -0.04347940534353256, 0.5357852578163147, 1.657296895980835, -0.05296238511800766, 0.3610270917415619, 1.6493922472000122, -0.12336888164281845, 0.5356267690658569, 2.0121281147003174, 0.4767594635486603, 0.36082762479782104, 2.0049800872802734, 0.254463255405426, 0.5381187796592712, 2.068955659866333, 0.5319877862930298, 0.3566131293773651, 2.0602283477783203, 0.2858559191226959, 0.5135992169380188, 2.119767665863037, 0.3078475296497345, 0.38308995962142944, 2.120504140853882, 0.012247654609382153], "left_hand": [0.0, 0.0, 0.0, 0.0, 0.0, 0.0, 0.0, 0.0, 0.0, 0.0, 0.0, 0.0, 0.0, 0.0, 0.0, 0.0, 0.0, 0.0, 0.0, 0.0, 0.0, 0.0, 0.0, 0.0, 0.0, 0.0, 0.0, 0.0, 0.0, 0.0, 0.0, 0.0, 0.0, 0.0, 0.0, 0.0, 0.0, 0.0, 0.0, 0.0, 0.0, 0.0, 0.0, 0.0, 0.0, 0.0, 0.0, 0.0, 0.0, 0.0, 0.0, 0.0, 0.0, 0.0, 0.0, 0.0, 0.0, 0.0, 0.0, 0.0, 0.0, 0.0, 0.0], "right_hand": [0.0, 0.0, 0.0, 0.0, 0.0, 0.0, 0.0, 0.0, 0.0, 0.0, 0.0, 0.0, 0.0, 0.0, 0.0, 0.0, 0.0, 0.0, 0.0, 0.0, 0.0, 0.0, 0.0, 0.0, 0.0, 0.0, 0.0, 0.0, 0.0, 0.0, 0.0, 0.0, 0.0, 0.0, 0.0, 0.0, 0.0, 0.0, 0.0, 0.0, 0.0, 0.0, 0.0, 0.0, 0.0, 0.0, 0.0, 0.0, 0.0, 0.0, 0.0, 0.0, 0.0, 0.0, 0.0, 0.0, 0.0, 0.0, 0.0, 0.0, 0.0, 0.0, 0.0]}