{"body_pose": [0.47160840034484863, 0.5654138922691345, -0.3478333055973053, 0.4867483675479889, 0.5302743911743164, -0.2904907763004303, 0.4966931939125061, 0.530461311340332, -0.2900546193122864, 0.5062750577926636, 0.5312485694885254, -0.2892649173736572, 0.4570947289466858, 0.5327492356300354, -0.3082444965839386, 0.44597023725509644, 0.5339868068695068, -0.308574914932251, 0.4354526698589325, 0.5353030562400818, -0.30879783630371094, 0.5103887319564819, 0.5530452728271484, -0.018833234906196594, 0.41759511828422546, 0.5548228621482849, -0.08708735555410385, 0.49039357900619507, 0.5999177694320679, -0.24889995157718658, 0.4499691128730774, 0.5961238145828247, -0.27035167813301086, 0.5797785520553589, 0.7543163895606995, 0.09509165585041046, 0.32175251841545105, 0.76235032081604, -0.06545788794755936, 0.6232260465621948, 0.9667468667030334, -0.15600471198558807, 0.2693830728530884, 1.0154162645339966, -0.4248534142971039, 0.5460233092308044, 0.7685186862945557, -0.5405506491661072, 0.37320202589035034, 0.8263723850250244, -0.7192396521568298, 0.5321055054664612, 0.7045865058898926, -0.6157366037368774, 0.4022638499736786, 0.7769263386726379, -0.8038588166236877, 0.5371191501617432, 0.6760725378990173, -0.5747833251953125, 0.4025098979473114, 0.7269262671470642, -0.770772397518158, 0.5289931893348694, 0.7064154148101807, -0.545756995677948, 0.3976507782936096, 0.7531222701072693, -0.7322635650634766, 0.5651652812957764, 1.2398761510849, 0.04105913266539574, 0.3698863983154297, 1.249202847480774, -0.03469041734933853, 0.56908118724823, 1.6603935956954956, -0.09103982150554657, 0.39268407225608826, 1.6600475311279297, -0.0929909497499466, 0.5681877136230469, 2.042264223098755, 0.29543933272361755, 0.4021880030632019, 2.025994300842285, 0.10636936873197556, 0.5689704418182373, 2.092890501022339, 0.3392322361469269, 0.39707714319229126, 2.07187557220459, 0.12477888911962509, 0.5645321607589722, 2.151214599609375, 0.11512307077646255, 0.44135046005249023, 2.1431620121002197, -0.1254386454820633], "left_hand": [0.5310651659965515, 0.7939162254333496, 7.830085024806976e-08, 0.5510357618331909, 0.7612699866294861, 0.004602504428476095, 0.5589667558670044, 0.7273797392845154, 0.002585212467238307, 0.5631511807441711, 0.6969501376152039, -0.00046341714914888144, 0.5680217742919922, 0.6764605045318604, -0.004847684409469366, 0.5445173382759094, 0.6949771046638489, -0.011275357566773891, 0.5272402763366699, 0.6451635360717773, -0.01928449235856533, 0.5162317156791687, 0.6179682016372681, -0.022800564765930176, 0.5065656304359436, 0.5979044437408447, -0.02430293895304203, 0.5274046063423157, 0.7011538147926331, -0.018254010006785393, 0.5076729655265808, 0.6443419456481934, -0.027633458375930786, 0.49558135867118835, 0.6133943200111389, -0.030942924320697784, 0.4860572814941406, 0.5908478498458862, -0.032073087990283966, 0.5092183947563171, 0.7116495370864868, -0.024007126688957214, 0.4919971525669098, 0.6588132977485657, -0.031110437586903572, 0.4812420606613159, 0.6286730766296387, -0.03265305981040001, 0.4730759263038635, 0.6057563424110413, -0.032712262123823166, 0.4904608726501465, 0.7267143130302429, -0.02885904349386692, 0.4770209491252899, 0.6826397776603699, -0.03405997157096863, 0.4699515998363495, 0.6585865020751953, -0.03356850519776344, 0.46431633830070496, 0.6388827562332153, -0.03190820291638374], "right_hand": [0.38939493894577026, 0.783643901348114, 2.3914591906759597e-07, 0.36785173416137695, 0.7488821744918823, -0.0032390481792390347, 0.3586868643760681, 0.7107416391372681, -0.008575749583542347, 0.35529276728630066, 0.6777531504631042, -0.013155755586922169, 0.3482324481010437, 0.6538882851600647, -0.018199803307652473, 0.3909063935279846, 0.6851567625999451, -0.016723807901144028, 0.41221922636032104, 0.6380468606948853, -0.0244954451918602, 0.4249170422554016, 0.6127493381500244, -0.027942592278122902, 0.43497222661972046, 0.5944516062736511, -0.02897735871374607, 0.4106091260910034, 0.6941355466842651, -0.019430367276072502, 0.43247276544570923, 0.6408644318580627, -0.025136079639196396, 0.4454914629459381, 0.6098694205284119, -0.02660609409213066, 0.45539572834968567, 0.5882109999656677, -0.02704247087240219, 0.4274861812591553, 0.707815945148468, -0.021690255030989647, 0.445713073015213, 0.6564032435417175, -0.025812342762947083, 0.45733582973480225, 0.6261802911758423, -0.026950860396027565, 0.46617674827575684, 0.6048998236656189, -0.027443137019872665, 0.44131073355674744, 0.72444748878479, -0.023847097530961037, 0.4537395238876343, 0.6833966374397278, -0.026702923700213432, 0.4615480601787567, 0.6600058674812317, -0.025771277025341988, 0.4680900573730469, 0.6413661241531372, -0.024277178570628166]}