{"body_pose": [0.476624071598053, 0.5803045630455017, -0.7913913130760193, 0.49168992042541504, 0.5465723872184753, -0.7409862875938416, 0.5017215013504028, 0.5467367172241211, -0.7409953474998474, 0.5112645626068115, 0.5473419427871704, -0.7406793832778931, 0.4602251350879669, 0.5469940900802612, -0.7498650550842285, 0.4482118487358093, 0.5475375056266785, -0.7499284148216248, 0.4371328353881836, 0.5487669706344604, -0.7498923540115356, 0.521314799785614, 0.563153862953186, -0.4308081269264221, 0.4201313555240631, 0.5643615126609802, -0.4721289575099945, 0.4947327673435211, 0.612658679485321, -0.6729168891906738, 0.4548734724521637, 0.6127381920814514, -0.6860049962997437, 0.5935117602348328, 0.783062756061554, -0.24375507235527039, 0.3268340528011322, 0.7884384989738464, -0.3184056580066681, 0.6095384955406189, 1.001869797706604, -0.24040068686008453, 0.27758508920669556, 1.0177366733551025, -0.39301633834838867, 0.6355101466178894, 1.2111560106277466, -0.5839499235153198, 0.26516735553741455, 1.2718135118484497, -0.6829725503921509, 0.6530317664146423, 1.2722834348678589, -0.6679129600524902, 0.2609873414039612, 1.3588539361953735, -0.77149897813797, 0.63636714220047, 1.2693121433258057, -0.7390117645263672, 0.29195472598075867, 1.3563501834869385, -0.8697468638420105, 0.6236896514892578, 1.2466967105865479, -0.6302090287208557, 0.3016063868999481, 1.326267957687378, -0.748595654964447, 0.5436210036277771, 1.2646321058273315, 0.04814983531832695, 0.35731077194213867, 1.2648249864578247, -0.04109244421124458, 0.5362696647644043, 1.65883207321167, -0.059023041278123856, 0.36009129881858826, 1.6527758836746216, -0.12303542345762253, 0.5356691479682922, 2.012469530105591, 0.44107961654663086, 0.36082008481025696, 2.0067944526672363, 0.2493942528963089, 0.5384159088134766, 2.0715394020080566, 0.49322834610939026, 0.35728973150253296, 2.063911199569702, 0.27999261021614075, 0.5139714479446411, 2.12022066116333, 0.2630622088909149, 0.38270649313926697, 2.1216111183166504, 0.0013612981420010328], "left_hand": [0.0, 0.0, 0.0, 0.0, 0.0, 0.0, 0.0, 0.0, 0.0, 0.0, 0.0, 0.0, 0.0, 0.0, 0.0, 0.0, 0.0, 0.0, 0.0, 0.0, 0.0, 0.0, 0.0, 0.0, 0.0, 0.0, 0.0, 0.0, 0.0, 0.0, 0.0, 0.0, 0.0, 0.0, 0.0, 0.0, 0.0, 0.0, 0.0, 0.0, 0.0, 0.0, 0.0, 0.0, 0.0, 0.0, 0.0, 0.0, 0.0, 0.0, 0.0, 0.0, 0.0, 0.0, 0.0, 0.0, 0.0, 0.0, 0.0, 0.0, 0.0, 0.0, 0.0], "right_hand": [0.0, 0.0, 0.0, 0.0, 0.0, 0.0, 0.0, 0.0, 0.0, 0.0, 0.0, 0.0, 0.0, 0.0, 0.0, 0.0, 0.0, 0.0, 0.0, 0.0, 0.0, 0.0, 0.0, 0.0, 0.0, 0.0, 0.0, 0.0, 0.0, 0.0, 0.0, 0.0, 0.0, 0.0, 0.0, 0.0, 0.0, 0.0, 0.0, 0.0, 0.0, 0.0, 0.0, 0.0, 0.0, 0.0, 0.0, 0.0, 0.0, 0.0, 0.0, 0.0, 0.0, 0.0, 0.0, 0.0, 0.0, 0.0, 0.0, 0.0, 0.0, 0.0, 0.0]}