{"body_pose": [0.477012574672699, 0.5816609859466553, -0.7601403594017029, 0.4922715723514557, 0.5471177101135254, -0.7073805928230286, 0.5025504231452942, 0.5474147796630859, -0.7073054909706116, 0.5122929811477661, 0.548251748085022, -0.7070137858390808, 0.46036919951438904, 0.5471864342689514, -0.7215098738670349, 0.4482993185520172, 0.5476375222206116, -0.7215395569801331, 0.43714866042137146, 0.5487973690032959, -0.7214365601539612, 0.5236638188362122, 0.5649716854095459, -0.3952443301677704, 0.42007485032081604, 0.5648588538169861, -0.45982810854911804, 0.4953050911426544, 0.6143988966941833, -0.6409922242164612, 0.4552273452281952, 0.6138737797737122, -0.6608778238296509, 0.5948017835617065, 0.7857398390769958, -0.20767639577388763, 0.3267301619052887, 0.7893900275230408, -0.3279329240322113, 0.6100953221321106, 1.0086599588394165, -0.23555953800678253, 0.27744370698928833, 1.018256425857544, -0.38980403542518616, 0.633283793926239, 1.2276796102523804, -0.5763269662857056, 0.2764522135257721, 1.2997385263442993, -0.6644325256347656, 0.651429295539856, 1.2896615266799927, -0.6572479605674744, 0.2658906877040863, 1.3840816020965576, -0.7546825408935547, 0.633640468120575, 1.2885805368423462, -0.7087625861167908, 0.2994300425052643, 1.385519027709961, -0.835187554359436, 0.6207784414291382, 1.2654705047607422, -0.6109113693237305, 0.308533251285553, 1.3538258075714111, -0.7120355367660522, 0.5434032082557678, 1.2750459909439087, 0.05527084693312645, 0.3553730845451355, 1.2756900787353516, -0.0482025071978569, 0.538028359413147, 1.6634916067123413, -0.03821103647351265, 0.3603648245334625, 1.66195547580719, -0.16026926040649414, 0.5417826771736145, 2.0166165828704834, 0.4817242920398712, 0.36115142703056335, 2.0229856967926025, 0.2359788417816162, 0.5444446206092834, 2.0786592960357666, 0.5358204245567322, 0.3581600487232208, 2.083791732788086, 0.26077723503112793, 0.5255325436592102, 2.1241793632507324, 0.3079538941383362, 0.39034023880958557, 2.136776924133301, -0.017250988632440567], "left_hand": [0.0, 0.0, 0.0, 0.0, 0.0, 0.0, 0.0, 0.0, 0.0, 0.0, 0.0, 0.0, 0.0, 0.0, 0.0, 0.0, 0.0, 0.0, 0.0, 0.0, 0.0, 0.0, 0.0, 0.0, 0.0, 0.0, 0.0, 0.0, 0.0, 0.0, 0.0, 0.0, 0.0, 0.0, 0.0, 0.0, 0.0, 0.0, 0.0, 0.0, 0.0, 0.0, 0.0, 0.0, 0.0, 0.0, 0.0, 0.0, 0.0, 0.0, 0.0, 0.0, 0.0, 0.0, 0.0, 0.0, 0.0, 0.0, 0.0, 0.0, 0.0, 0.0, 0.0], "right_hand": [0.0, 0.0, 0.0, 0.0, 0.0, 0.0, 0.0, 0.0, 0.0, 0.0, 0.0, 0.0, 0.0, 0.0, 0.0, 0.0, 0.0, 0.0, 0.0, 0.0, 0.0, 0.0, 0.0, 0.0, 0.0, 0.0, 0.0, 0.0, 0.0, 0.0, 0.0, 0.0, 0.0, 0.0, 0.0, 0.0, 0.0, 0.0, 0.0, 0.0, 0.0, 0.0, 0.0, 0.0, 0.0, 0.0, 0.0, 0.0, 0.0, 0.0, 0.0, 0.0, 0.0, 0.0, 0.0, 0.0, 0.0, 0.0, 0.0, 0.0, 0.0, 0.0, 0.0]}