{"body_pose": [0.47657510638237, 0.582231879234314, -0.7861734628677368, 0.49194759130477905, 0.5472850799560547, -0.7327411770820618, 0.502285361289978, 0.5475138425827026, -0.732597291469574, 0.5120565295219421, 0.5483493208885193, -0.7323411107063293, 0.4598669707775116, 0.5474346280097961, -0.7467681169509888, 0.4477531909942627, 0.547861635684967, -0.7467878460884094, 0.4365808963775635, 0.548920214176178, -0.7466921806335449, 0.5235403180122375, 0.5656417012214661, -0.4138513505458832, 0.41958412528038025, 0.5650902986526489, -0.47735482454299927, 0.49505025148391724, 0.6150254011154175, -0.6638139486312866, 0.45493435859680176, 0.614126443862915, -0.6831921339035034, 0.5943813920021057, 0.7848547101020813, -0.21510572731494904, 0.32643547654151917, 0.789359450340271, -0.34077975153923035, 0.613611102104187, 1.0061784982681274, -0.23339350521564484, 0.2772984802722931, 1.022212266921997, -0.39639633893966675, 0.6416674256324768, 1.1911299228668213, -0.5699723362922668, 0.2814202308654785, 1.3072123527526855, -0.6747673153877258, 0.6605309844017029, 1.2473183870315552, -0.6498064994812012, 0.2694949805736542, 1.3887351751327515, -0.7615667581558228, 0.6443957686424255, 1.2455672025680542, -0.6974581480026245, 0.3015883266925812, 1.38692307472229, -0.8548198342323303, 0.6321317553520203, 1.2244038581848145, -0.6027525663375854, 0.3109422028064728, 1.3555877208709717, -0.7307025790214539, 0.5436650514602661, 1.2739628553390503, 0.05554955452680588, 0.35547932982444763, 1.2762514352798462, -0.04865476116538048, 0.5390245914459229, 1.6635267734527588, -0.040775854140520096, 0.36051347851753235, 1.6674468517303467, -0.14799001812934875, 0.5417911410331726, 2.0162172317504883, 0.47319015860557556, 0.36159348487854004, 2.024787664413452, 0.2410432994365692, 0.5441953539848328, 2.077608108520508, 0.5265721082687378, 0.35771530866622925, 2.084650754928589, 0.26974233984947205, 0.5264496803283691, 2.1243879795074463, 0.29718518257141113, 0.39168044924736023, 2.1387903690338135, -0.011747114360332489], "left_hand": [0.0, 0.0, 0.0, 0.0, 0.0, 0.0, 0.0, 0.0, 0.0, 0.0, 0.0, 0.0, 0.0, 0.0, 0.0, 0.0, 0.0, 0.0, 0.0, 0.0, 0.0, 0.0, 0.0, 0.0, 0.0, 0.0, 0.0, 0.0, 0.0, 0.0, 0.0, 0.0, 0.0, 0.0, 0.0, 0.0, 0.0, 0.0, 0.0, 0.0, 0.0, 0.0, 0.0, 0.0, 0.0, 0.0, 0.0, 0.0, 0.0, 0.0, 0.0, 0.0, 0.0, 0.0, 0.0, 0.0, 0.0, 0.0, 0.0, 0.0, 0.0, 0.0, 0.0], "right_hand": [0.0, 0.0, 0.0, 0.0, 0.0, 0.0, 0.0, 0.0, 0.0, 0.0, 0.0, 0.0, 0.0, 0.0, 0.0, 0.0, 0.0, 0.0, 0.0, 0.0, 0.0, 0.0, 0.0, 0.0, 0.0, 0.0, 0.0, 0.0, 0.0, 0.0, 0.0, 0.0, 0.0, 0.0, 0.0, 0.0, 0.0, 0.0, 0.0, 0.0, 0.0, 0.0, 0.0, 0.0, 0.0, 0.0, 0.0, 0.0, 0.0, 0.0, 0.0, 0.0, 0.0, 0.0, 0.0, 0.0, 0.0, 0.0, 0.0, 0.0, 0.0, 0.0, 0.0]}