{"body_pose": [0.4765622615814209, 0.5822184085845947, -0.7704225778579712, 0.49195414781570435, 0.5471664071083069, -0.7180964350700378, 0.5022818446159363, 0.547382652759552, -0.7179592251777649, 0.5120466351509094, 0.5482149124145508, -0.7177308201789856, 0.4598708152770996, 0.5473692417144775, -0.7323060631752014, 0.4477408826351166, 0.5477879643440247, -0.7323207855224609, 0.4365553855895996, 0.5488104820251465, -0.7322342991828918, 0.5234881043434143, 0.565714955329895, -0.40531283617019653, 0.41937416791915894, 0.5651217699050903, -0.4702673852443695, 0.49501922726631165, 0.6149641275405884, -0.6500676870346069, 0.45491260290145874, 0.6140599846839905, -0.6698113083839417, 0.594046413898468, 0.784181535243988, -0.21468715369701385, 0.32601743936538696, 0.78937166929245, -0.34029772877693176, 0.6136552095413208, 1.0047004222869873, -0.22701606154441833, 0.277209609746933, 1.0227322578430176, -0.3943819999694824, 0.640273928642273, 1.190392255783081, -0.5272668600082397, 0.2854120433330536, 1.30679190158844, -0.6676294207572937, 0.6597124934196472, 1.2497413158416748, -0.601814329624176, 0.2732377350330353, 1.3895684480667114, -0.7543653249740601, 0.6445174813270569, 1.2496850490570068, -0.6753263473510742, 0.3062054514884949, 1.3904370069503784, -0.8292804956436157, 0.6323938965797424, 1.2263954877853394, -0.5718861222267151, 0.3153875470161438, 1.3580435514450073, -0.711836040019989, 0.5437445044517517, 1.2731984853744507, 0.05479394644498825, 0.3555241525173187, 1.275282621383667, -0.04798001050949097, 0.5392056107521057, 1.663096308708191, -0.03933423385024071, 0.3608062267303467, 1.6671284437179565, -0.14421628415584564, 0.541771411895752, 2.0147125720977783, 0.4584387242794037, 0.3620292842388153, 2.0212316513061523, 0.23079513013362885, 0.5441060066223145, 2.076033592224121, 0.513644814491272, 0.35810962319374084, 2.0804781913757324, 0.25934043526649475, 0.5262989401817322, 2.1232612133026123, 0.2951631546020508, 0.3937228322029114, 2.1360278129577637, -0.017603866755962372], "left_hand": [0.0, 0.0, 0.0, 0.0, 0.0, 0.0, 0.0, 0.0, 0.0, 0.0, 0.0, 0.0, 0.0, 0.0, 0.0, 0.0, 0.0, 0.0, 0.0, 0.0, 0.0, 0.0, 0.0, 0.0, 0.0, 0.0, 0.0, 0.0, 0.0, 0.0, 0.0, 0.0, 0.0, 0.0, 0.0, 0.0, 0.0, 0.0, 0.0, 0.0, 0.0, 0.0, 0.0, 0.0, 0.0, 0.0, 0.0, 0.0, 0.0, 0.0, 0.0, 0.0, 0.0, 0.0, 0.0, 0.0, 0.0, 0.0, 0.0, 0.0, 0.0, 0.0, 0.0], "right_hand": [0.0, 0.0, 0.0, 0.0, 0.0, 0.0, 0.0, 0.0, 0.0, 0.0, 0.0, 0.0, 0.0, 0.0, 0.0, 0.0, 0.0, 0.0, 0.0, 0.0, 0.0, 0.0, 0.0, 0.0, 0.0, 0.0, 0.0, 0.0, 0.0, 0.0, 0.0, 0.0, 0.0, 0.0, 0.0, 0.0, 0.0, 0.0, 0.0, 0.0, 0.0, 0.0, 0.0, 0.0, 0.0, 0.0, 0.0, 0.0, 0.0, 0.0, 0.0, 0.0, 0.0, 0.0, 0.0, 0.0, 0.0, 0.0, 0.0, 0.0, 0.0, 0.0, 0.0]}