{"body_pose": [0.47653958201408386, 0.5832152366638184, -0.7815110087394714, 0.491940975189209, 0.547633171081543, -0.7285178303718567, 0.5022674202919006, 0.5478271245956421, -0.7284039855003357, 0.5120325684547424, 0.5487154722213745, -0.7281910181045532, 0.45985475182533264, 0.5478152632713318, -0.7427293062210083, 0.44772395491600037, 0.5481939315795898, -0.7427834272384644, 0.4365132749080658, 0.5491090416908264, -0.7427009344100952, 0.5235203504562378, 0.567012369632721, -0.40620383620262146, 0.41926923394203186, 0.5657324194908142, -0.4708484709262848, 0.49497705698013306, 0.6160855889320374, -0.6567723155021667, 0.45490142703056335, 0.6149808764457703, -0.6766026616096497, 0.5944750905036926, 0.7843443751335144, -0.2057255059480667, 0.32548052072525024, 0.7897834777832031, -0.33088064193725586, 0.6145350337028503, 1.0043069124221802, -0.20932640135288239, 0.2751235365867615, 1.0242685079574585, -0.3939540684223175, 0.6440197825431824, 1.1815171241760254, -0.5260930061340332, 0.2826303541660309, 1.3087480068206787, -0.6710763573646545, 0.664689838886261, 1.2363659143447876, -0.6032350659370422, 0.26834091544151306, 1.3910630941390991, -0.7611966729164124, 0.6517506241798401, 1.234986662864685, -0.6778731942176819, 0.30183079838752747, 1.391904592514038, -0.8474436402320862, 0.6389336585998535, 1.2142879962921143, -0.5719601511955261, 0.31178197264671326, 1.3600620031356812, -0.7233839631080627, 0.5438035726547241, 1.2728276252746582, 0.054555829614400864, 0.35558298230171204, 1.2756456136703491, -0.04774541035294533, 0.5427463054656982, 1.6618635654449463, -0.03826914355158806, 0.36370915174484253, 1.6653153896331787, -0.1397686004638672, 0.5474860668182373, 2.015132188796997, 0.47251224517822266, 0.36921611428260803, 2.0202407836914062, 0.2504981458187103, 0.549862265586853, 2.0761475563049316, 0.525608241558075, 0.3652727007865906, 2.079991579055786, 0.2810595631599426, 0.5327154994010925, 2.1237316131591797, 0.292595773935318, 0.40251055359840393, 2.133828639984131, -0.005319575779139996], "left_hand": [0.0, 0.0, 0.0, 0.0, 0.0, 0.0, 0.0, 0.0, 0.0, 0.0, 0.0, 0.0, 0.0, 0.0, 0.0, 0.0, 0.0, 0.0, 0.0, 0.0, 0.0, 0.0, 0.0, 0.0, 0.0, 0.0, 0.0, 0.0, 0.0, 0.0, 0.0, 0.0, 0.0, 0.0, 0.0, 0.0, 0.0, 0.0, 0.0, 0.0, 0.0, 0.0, 0.0, 0.0, 0.0, 0.0, 0.0, 0.0, 0.0, 0.0, 0.0, 0.0, 0.0, 0.0, 0.0, 0.0, 0.0, 0.0, 0.0, 0.0, 0.0, 0.0, 0.0], "right_hand": [0.0, 0.0, 0.0, 0.0, 0.0, 0.0, 0.0, 0.0, 0.0, 0.0, 0.0, 0.0, 0.0, 0.0, 0.0, 0.0, 0.0, 0.0, 0.0, 0.0, 0.0, 0.0, 0.0, 0.0, 0.0, 0.0, 0.0, 0.0, 0.0, 0.0, 0.0, 0.0, 0.0, 0.0, 0.0, 0.0, 0.0, 0.0, 0.0, 0.0, 0.0, 0.0, 0.0, 0.0, 0.0, 0.0, 0.0, 0.0, 0.0, 0.0, 0.0, 0.0, 0.0, 0.0, 0.0, 0.0, 0.0, 0.0, 0.0, 0.0, 0.0, 0.0, 0.0]}