{"body_pose": [0.4767523407936096, 0.5831019878387451, -0.7552963495254517, 0.49205946922302246, 0.547598659992218, -0.7025429010391235, 0.5022963285446167, 0.5477834939956665, -0.7024426460266113, 0.5120317339897156, 0.548664927482605, -0.7021700143814087, 0.4600422978401184, 0.5477774739265442, -0.7163056135177612, 0.4478945732116699, 0.5481438636779785, -0.7163843512535095, 0.43659693002700806, 0.5490419268608093, -0.7163301706314087, 0.5234708786010742, 0.5671094059944153, -0.3889799118041992, 0.41925832629203796, 0.5657438635826111, -0.4511384069919586, 0.4950098693370819, 0.6159297227859497, -0.6352989077568054, 0.45519351959228516, 0.6148501634597778, -0.6543625593185425, 0.5943028330802917, 0.7839956283569336, -0.1992367058992386, 0.3254795968532562, 0.7897316217422485, -0.31842654943466187, 0.6138709783554077, 1.0038745403289795, -0.20282065868377686, 0.27482131123542786, 1.02423095703125, -0.3958146870136261, 0.6422037482261658, 1.1719589233398438, -0.5244594812393188, 0.28457212448120117, 1.2940782308578491, -0.7153998613357544, 0.662300169467926, 1.2235808372497559, -0.6018422842025757, 0.2719244062900543, 1.3728505373001099, -0.8124681711196899, 0.6502257585525513, 1.2207661867141724, -0.677724301815033, 0.30415669083595276, 1.3697344064712524, -0.875205397605896, 0.6373628973960876, 1.2017033100128174, -0.5708499550819397, 0.3135518729686737, 1.3397631645202637, -0.7581421136856079, 0.5436928272247314, 1.2719475030899048, 0.05446622520685196, 0.3556199073791504, 1.275313377380371, -0.04770180955529213, 0.542762041091919, 1.657588243484497, -0.03871593624353409, 0.36398395895957947, 1.660945177078247, -0.13859529793262482, 0.5473316311836243, 2.0117897987365723, 0.4626055359840393, 0.36937689781188965, 2.014594793319702, 0.25010430812835693, 0.5497626066207886, 2.072298049926758, 0.5161142945289612, 0.3652772009372711, 2.073251962661743, 0.2796514928340912, 0.5321727395057678, 2.1195013523101807, 0.2824830412864685, 0.4029701054096222, 2.1265180110931396, -0.006157326512038708], "left_hand": [0.0, 0.0, 0.0, 0.0, 0.0, 0.0, 0.0, 0.0, 0.0, 0.0, 0.0, 0.0, 0.0, 0.0, 0.0, 0.0, 0.0, 0.0, 0.0, 0.0, 0.0, 0.0, 0.0, 0.0, 0.0, 0.0, 0.0, 0.0, 0.0, 0.0, 0.0, 0.0, 0.0, 0.0, 0.0, 0.0, 0.0, 0.0, 0.0, 0.0, 0.0, 0.0, 0.0, 0.0, 0.0, 0.0, 0.0, 0.0, 0.0, 0.0, 0.0, 0.0, 0.0, 0.0, 0.0, 0.0, 0.0, 0.0, 0.0, 0.0, 0.0, 0.0, 0.0], "right_hand": [0.0, 0.0, 0.0, 0.0, 0.0, 0.0, 0.0, 0.0, 0.0, 0.0, 0.0, 0.0, 0.0, 0.0, 0.0, 0.0, 0.0, 0.0, 0.0, 0.0, 0.0, 0.0, 0.0, 0.0, 0.0, 0.0, 0.0, 0.0, 0.0, 0.0, 0.0, 0.0, 0.0, 0.0, 0.0, 0.0, 0.0, 0.0, 0.0, 0.0, 0.0, 0.0, 0.0, 0.0, 0.0, 0.0, 0.0, 0.0, 0.0, 0.0, 0.0, 0.0, 0.0, 0.0, 0.0, 0.0, 0.0, 0.0, 0.0, 0.0, 0.0, 0.0, 0.0]}