{"body_pose": [0.47676411271095276, 0.5828732252120972, -0.7436686754226685, 0.49208593368530273, 0.5475048422813416, -0.6913672685623169, 0.5022917985916138, 0.5476906895637512, -0.6912941336631775, 0.5120254755020142, 0.5485590100288391, -0.6910042762756348, 0.46006372570991516, 0.5475823283195496, -0.7049574255943298, 0.4479076862335205, 0.5478849411010742, -0.7050409317016602, 0.4365968704223633, 0.5486717820167542, -0.7050175070762634, 0.523449182510376, 0.5670457482337952, -0.38113972544670105, 0.41927623748779297, 0.5656287670135498, -0.44290250539779663, 0.49500328302383423, 0.6154582500457764, -0.6248472332954407, 0.4551995098590851, 0.6142441034317017, -0.643804132938385, 0.5941983461380005, 0.7839455604553223, -0.19481123983860016, 0.3254934847354889, 0.7896881103515625, -0.31454792618751526, 0.6130675673484802, 1.0034128427505493, -0.20024943351745605, 0.27478891611099243, 1.0234909057617188, -0.3996541500091553, 0.640824019908905, 1.1817684173583984, -0.5232762098312378, 0.2864986062049866, 1.2959508895874023, -0.7303875684738159, 0.6597180366516113, 1.2381831407546997, -0.6013356447219849, 0.2756388187408447, 1.3786324262619019, -0.8287259340286255, 0.6476153135299683, 1.2348073720932007, -0.6773266196250916, 0.306448370218277, 1.3728092908859253, -0.8827881217002869, 0.6348645091056824, 1.2143893241882324, -0.5697281956672668, 0.31560277938842773, 1.341609239578247, -0.7683492302894592, 0.5437139272689819, 1.2715388536453247, 0.05479421839118004, 0.35566186904907227, 1.274855136871338, -0.0480794794857502, 0.5439244508743286, 1.6562447547912598, -0.03920263797044754, 0.364957332611084, 1.660854458808899, -0.13304243981838226, 0.5488137602806091, 2.0095107555389404, 0.4577975869178772, 0.3704284131526947, 2.0144333839416504, 0.24068787693977356, 0.5511417388916016, 2.06917667388916, 0.5099835991859436, 0.3661063015460968, 2.072483539581299, 0.26967698335647583, 0.5346162915229797, 2.1168718338012695, 0.2801896929740906, 0.40397128462791443, 2.126512289047241, -0.011264664120972157], "left_hand": [0.0, 0.0, 0.0, 0.0, 0.0, 0.0, 0.0, 0.0, 0.0, 0.0, 0.0, 0.0, 0.0, 0.0, 0.0, 0.0, 0.0, 0.0, 0.0, 0.0, 0.0, 0.0, 0.0, 0.0, 0.0, 0.0, 0.0, 0.0, 0.0, 0.0, 0.0, 0.0, 0.0, 0.0, 0.0, 0.0, 0.0, 0.0, 0.0, 0.0, 0.0, 0.0, 0.0, 0.0, 0.0, 0.0, 0.0, 0.0, 0.0, 0.0, 0.0, 0.0, 0.0, 0.0, 0.0, 0.0, 0.0, 0.0, 0.0, 0.0, 0.0, 0.0, 0.0], "right_hand": [0.0, 0.0, 0.0, 0.0, 0.0, 0.0, 0.0, 0.0, 0.0, 0.0, 0.0, 0.0, 0.0, 0.0, 0.0, 0.0, 0.0, 0.0, 0.0, 0.0, 0.0, 0.0, 0.0, 0.0, 0.0, 0.0, 0.0, 0.0, 0.0, 0.0, 0.0, 0.0, 0.0, 0.0, 0.0, 0.0, 0.0, 0.0, 0.0, 0.0, 0.0, 0.0, 0.0, 0.0, 0.0, 0.0, 0.0, 0.0, 0.0, 0.0, 0.0, 0.0, 0.0, 0.0, 0.0, 0.0, 0.0, 0.0, 0.0, 0.0, 0.0, 0.0, 0.0]}