{"body_pose": [0.4767208397388458, 0.5824314951896667, -0.745175838470459, 0.4920819103717804, 0.5471518039703369, -0.6914768815040588, 0.5022823214530945, 0.5473963022232056, -0.6913547515869141, 0.5120084881782532, 0.5482988953590393, -0.6910549402236938, 0.4600544273853302, 0.5471010804176331, -0.7055440545082092, 0.4479005038738251, 0.5473400354385376, -0.7056055665016174, 0.4365845024585724, 0.5480363368988037, -0.7055801153182983, 0.5234244465827942, 0.5670000314712524, -0.37842321395874023, 0.41935238242149353, 0.565370500087738, -0.44139477610588074, 0.4949934482574463, 0.6149836182594299, -0.6250830888748169, 0.45516854524612427, 0.6135778427124023, -0.6444311738014221, 0.5940738320350647, 0.7839104533195496, -0.19228731095790863, 0.3254898190498352, 0.7895790338516235, -0.315906286239624, 0.611989438533783, 1.003211498260498, -0.202632337808609, 0.2746622860431671, 1.0234497785568237, -0.4046458303928375, 0.6394578814506531, 1.1778416633605957, -0.5561894774436951, 0.2877531051635742, 1.307770848274231, -0.7430486083030701, 0.657680094242096, 1.2321339845657349, -0.6412878036499023, 0.27719175815582275, 1.391970157623291, -0.8422285318374634, 0.645266056060791, 1.228758692741394, -0.7111830711364746, 0.3080110251903534, 1.3880646228790283, -0.8986386656761169, 0.632636547088623, 1.2091258764266968, -0.6029731631278992, 0.31693729758262634, 1.3559733629226685, -0.7816634774208069, 0.5437546968460083, 1.271278738975525, 0.05659523978829384, 0.35569295287132263, 1.274534821510315, -0.04992269352078438, 0.5420592427253723, 1.6564643383026123, -0.03554325923323631, 0.36428508162498474, 1.6607189178466797, -0.12803420424461365, 0.5401426553726196, 2.009977340698242, 0.46958860754966736, 0.3651120662689209, 2.0138609409332275, 0.24494120478630066, 0.5401033759117126, 2.069702386856079, 0.5215920209884644, 0.3589993119239807, 2.0714430809020996, 0.2741827964782715, 0.5279833674430847, 2.1174466609954834, 0.28719788789749146, 0.40076586604118347, 2.126136302947998, -0.007067274767905474], "left_hand": [0.0, 0.0, 0.0, 0.0, 0.0, 0.0, 0.0, 0.0, 0.0, 0.0, 0.0, 0.0, 0.0, 0.0, 0.0, 0.0, 0.0, 0.0, 0.0, 0.0, 0.0, 0.0, 0.0, 0.0, 0.0, 0.0, 0.0, 0.0, 0.0, 0.0, 0.0, 0.0, 0.0, 0.0, 0.0, 0.0, 0.0, 0.0, 0.0, 0.0, 0.0, 0.0, 0.0, 0.0, 0.0, 0.0, 0.0, 0.0, 0.0, 0.0, 0.0, 0.0, 0.0, 0.0, 0.0, 0.0, 0.0, 0.0, 0.0, 0.0, 0.0, 0.0, 0.0], "right_hand": [0.0, 0.0, 0.0, 0.0, 0.0, 0.0, 0.0, 0.0, 0.0, 0.0, 0.0, 0.0, 0.0, 0.0, 0.0, 0.0, 0.0, 0.0, 0.0, 0.0, 0.0, 0.0, 0.0, 0.0, 0.0, 0.0, 0.0, 0.0, 0.0, 0.0, 0.0, 0.0, 0.0, 0.0, 0.0, 0.0, 0.0, 0.0, 0.0, 0.0, 0.0, 0.0, 0.0, 0.0, 0.0, 0.0, 0.0, 0.0, 0.0, 0.0, 0.0, 0.0, 0.0, 0.0, 0.0, 0.0, 0.0, 0.0, 0.0, 0.0, 0.0, 0.0, 0.0]}