{"body_pose": [0.4767064154148102, 0.5817487239837646, -0.7403900027275085, 0.4920785129070282, 0.5463324785232544, -0.6890937089920044, 0.5022693276405334, 0.5466426610946655, -0.6890078186988831, 0.5119880437850952, 0.54756760597229, -0.6886835098266602, 0.4600449502468109, 0.5462707877159119, -0.7012688517570496, 0.44787415862083435, 0.5464765429496765, -0.7013264298439026, 0.43655332922935486, 0.5471267104148865, -0.7013041377067566, 0.5233495831489563, 0.5668725371360779, -0.3613540530204773, 0.4193424582481384, 0.5646872520446777, -0.4396204352378845, 0.4949817955493927, 0.6146560907363892, -0.62480229139328, 0.4550974667072296, 0.6130839586257935, -0.6407628655433655, 0.5939632058143616, 0.7838246822357178, -0.15887369215488434, 0.32517728209495544, 0.7895427346229553, -0.3136839270591736, 0.613876461982727, 1.0044852495193481, -0.17479307949543, 0.2740921676158905, 1.0235793590545654, -0.40771666169166565, 0.6545652151107788, 1.153701663017273, -0.5476431846618652, 0.2867851257324219, 1.3048895597457886, -0.7726961970329285, 0.6781584620475769, 1.1960529088974, -0.6333082318305969, 0.2735626995563507, 1.3863554000854492, -0.8778132200241089, 0.670117974281311, 1.19398832321167, -0.7030525803565979, 0.30549272894859314, 1.3830959796905518, -0.9329778552055359, 0.654667854309082, 1.1806873083114624, -0.6018105149269104, 0.3152501583099365, 1.3525439500808716, -0.8118625283241272, 0.5438835620880127, 1.2711899280548096, 0.06089723855257034, 0.3561471998691559, 1.2746151685714722, -0.05417276546359062, 0.543904185295105, 1.6544137001037598, -0.035766713321208954, 0.3668052852153778, 1.6593819856643677, -0.12758371233940125, 0.5436769723892212, 2.009932041168213, 0.4933791756629944, 0.3693801760673523, 2.013871669769287, 0.24768315255641937, 0.5437586307525635, 2.0694851875305176, 0.5479203462600708, 0.36323198676109314, 2.071462392807007, 0.27730482816696167, 0.5337635278701782, 2.1174912452697754, 0.3153753876686096, 0.4059271216392517, 2.125197410583496, -0.00787434633821249], "left_hand": [0.0, 0.0, 0.0, 0.0, 0.0, 0.0, 0.0, 0.0, 0.0, 0.0, 0.0, 0.0, 0.0, 0.0, 0.0, 0.0, 0.0, 0.0, 0.0, 0.0, 0.0, 0.0, 0.0, 0.0, 0.0, 0.0, 0.0, 0.0, 0.0, 0.0, 0.0, 0.0, 0.0, 0.0, 0.0, 0.0, 0.0, 0.0, 0.0, 0.0, 0.0, 0.0, 0.0, 0.0, 0.0, 0.0, 0.0, 0.0, 0.0, 0.0, 0.0, 0.0, 0.0, 0.0, 0.0, 0.0, 0.0, 0.0, 0.0, 0.0, 0.0, 0.0, 0.0], "right_hand": [0.0, 0.0, 0.0, 0.0, 0.0, 0.0, 0.0, 0.0, 0.0, 0.0, 0.0, 0.0, 0.0, 0.0, 0.0, 0.0, 0.0, 0.0, 0.0, 0.0, 0.0, 0.0, 0.0, 0.0, 0.0, 0.0, 0.0, 0.0, 0.0, 0.0, 0.0, 0.0, 0.0, 0.0, 0.0, 0.0, 0.0, 0.0, 0.0, 0.0, 0.0, 0.0, 0.0, 0.0, 0.0, 0.0, 0.0, 0.0, 0.0, 0.0, 0.0, 0.0, 0.0, 0.0, 0.0, 0.0, 0.0, 0.0, 0.0, 0.0, 0.0, 0.0, 0.0]}