{"body_pose": [0.47647303342819214, 0.5805938243865967, -0.7588803172111511, 0.49197980761528015, 0.5450619459152222, -0.7047061324119568, 0.502144992351532, 0.5454174280166626, -0.7047068476676941, 0.5118149518966675, 0.5463134050369263, -0.7044805288314819, 0.4599204659461975, 0.5450717210769653, -0.7189480662345886, 0.44771620631217957, 0.5452397465705872, -0.7190945744514465, 0.4364091455936432, 0.5458531379699707, -0.7191382050514221, 0.5230922698974609, 0.5661758184432983, -0.3741629719734192, 0.4193320870399475, 0.563561737537384, -0.44585126638412476, 0.4948316216468811, 0.6138841509819031, -0.6349697113037109, 0.45473089814186096, 0.6122138500213623, -0.6542307138442993, 0.5938754081726074, 0.783743143081665, -0.1610029935836792, 0.32508572936058044, 0.7894464135169983, -0.31580954790115356, 0.6145097613334656, 1.0042427778244019, -0.17379353940486908, 0.2735525071620941, 1.0235545635223389, -0.4070226848125458, 0.6587777733802795, 1.1417527198791504, -0.5453564524650574, 0.28704389929771423, 1.3020341396331787, -0.7723493576049805, 0.6823764443397522, 1.1825484037399292, -0.6318358182907104, 0.2743194103240967, 1.3824673891067505, -0.8765752911567688, 0.6767989993095398, 1.1783000230789185, -0.6988822221755981, 0.30525657534599304, 1.3777133226394653, -0.9342490434646606, 0.661084771156311, 1.1663912534713745, -0.598353385925293, 0.31496483087539673, 1.3478304147720337, -0.8115062117576599, 0.5439051389694214, 1.271150827407837, 0.06109700724482536, 0.35622483491897583, 1.2744344472885132, -0.054403360933065414, 0.5438750386238098, 1.6494137048721313, -0.030154380947351456, 0.3669709265232086, 1.6576811075210571, -0.12205792963504791, 0.5429169535636902, 2.0047383308410645, 0.5159339308738708, 0.3692314624786377, 2.0111613273620605, 0.2729845643043518, 0.5426512360572815, 2.062675952911377, 0.5710033774375916, 0.3629591166973114, 2.0671017169952393, 0.3042484223842621, 0.5334834456443787, 2.1123547554016113, 0.33647820353507996, 0.40571457147598267, 2.121849298477173, 0.012803087942302227], "left_hand": [0.0, 0.0, 0.0, 0.0, 0.0, 0.0, 0.0, 0.0, 0.0, 0.0, 0.0, 0.0, 0.0, 0.0, 0.0, 0.0, 0.0, 0.0, 0.0, 0.0, 0.0, 0.0, 0.0, 0.0, 0.0, 0.0, 0.0, 0.0, 0.0, 0.0, 0.0, 0.0, 0.0, 0.0, 0.0, 0.0, 0.0, 0.0, 0.0, 0.0, 0.0, 0.0, 0.0, 0.0, 0.0, 0.0, 0.0, 0.0, 0.0, 0.0, 0.0, 0.0, 0.0, 0.0, 0.0, 0.0, 0.0, 0.0, 0.0, 0.0, 0.0, 0.0, 0.0], "right_hand": [0.0, 0.0, 0.0, 0.0, 0.0, 0.0, 0.0, 0.0, 0.0, 0.0, 0.0, 0.0, 0.0, 0.0, 0.0, 0.0, 0.0, 0.0, 0.0, 0.0, 0.0, 0.0, 0.0, 0.0, 0.0, 0.0, 0.0, 0.0, 0.0, 0.0, 0.0, 0.0, 0.0, 0.0, 0.0, 0.0, 0.0, 0.0, 0.0, 0.0, 0.0, 0.0, 0.0, 0.0, 0.0, 0.0, 0.0, 0.0, 0.0, 0.0, 0.0, 0.0, 0.0, 0.0, 0.0, 0.0, 0.0, 0.0, 0.0, 0.0, 0.0, 0.0, 0.0]}