{"body_pose": [0.4710283577442169, 0.5607174038887024, -0.3470432162284851, 0.48606207966804504, 0.5288326144218445, -0.2946195900440216, 0.4960950016975403, 0.5294466018676758, -0.29423514008522034, 0.5056641101837158, 0.5305494666099548, -0.2935176491737366, 0.45590612292289734, 0.5303783416748047, -0.300462543964386, 0.44511502981185913, 0.5315360426902771, -0.3007486164569855, 0.4351970851421356, 0.5327696204185486, -0.30095556378364563, 0.5104163289070129, 0.5524708032608032, -0.039730049669742584, 0.4205798804759979, 0.551724374294281, -0.05631771311163902, 0.4902802109718323, 0.5950141549110413, -0.25441449880599976, 0.4493434429168701, 0.5901259183883667, -0.2608066499233246, 0.5771552324295044, 0.7428938746452332, 0.039383552968502045, 0.33232229948043823, 0.7547547221183777, -0.005364316049963236, 0.6112159490585327, 0.942872941493988, -0.2807096838951111, 0.27211326360702515, 0.9929701089859009, -0.3102136254310608, 0.5211368799209595, 0.7506256699562073, -0.7335261702537537, 0.35595932602882385, 0.8539699912071228, -0.692060649394989, 0.5023712515830994, 0.6918459534645081, -0.8339506983757019, 0.39078792929649353, 0.8539938926696777, -0.7780284285545349, 0.5042857527732849, 0.6620051264762878, -0.7634815573692322, 0.39258259534835815, 0.8118440508842468, -0.7524341940879822, 0.49940988421440125, 0.690927267074585, -0.7264785766601562, 0.3906330466270447, 0.8241315484046936, -0.7218013405799866, 0.5653470754623413, 1.2217237949371338, 0.013523596338927746, 0.3752612769603729, 1.2308224439620972, -0.007314433343708515, 0.5669477581977844, 1.637747049331665, -0.10172053426504135, 0.3925974369049072, 1.637635588645935, -0.08774740993976593, 0.5636177659034729, 2.0149402618408203, 0.26001012325286865, 0.40021347999572754, 1.9978381395339966, 0.12767136096954346, 0.565777063369751, 2.063953399658203, 0.3003687858581543, 0.39572373032569885, 2.0423402786254883, 0.14699752628803253, 0.5486282706260681, 2.12510347366333, 0.06524205952882767, 0.43825221061706543, 2.1147091388702393, -0.10403545945882797], "left_hand": [0.5254217982292175, 0.7754770517349243, 4.619834115260346e-08, 0.5498303174972534, 0.7498432993888855, -0.002305875299498439, 0.5600073337554932, 0.7216797471046448, -0.008140426129102707, 0.5621204972267151, 0.6961781978607178, -0.013699044473469257, 0.564997136592865, 0.6774628162384033, -0.020121270790696144, 0.5387252569198608, 0.6867457032203674, -0.020778540521860123, 0.5208980441093445, 0.6377428770065308, -0.031650740653276443, 0.5111417174339294, 0.6151612997055054, -0.036032676696777344, 0.5032999515533447, 0.5972480773925781, -0.037947360426187515, 0.5205062627792358, 0.6930295825004578, -0.02522670291364193, 0.5008711814880371, 0.6364560723304749, -0.037009358406066895, 0.4898563623428345, 0.6075057983398438, -0.04105459153652191, 0.4821584224700928, 0.5851791501045227, -0.042669281363487244, 0.5024595856666565, 0.7040199637413025, -0.028904598206281662, 0.48544013500213623, 0.6532317996025085, -0.03833050653338432, 0.4758511185646057, 0.6243261694908142, -0.04154004156589508, 0.4700861871242523, 0.6016057729721069, -0.04258201643824577, 0.48564913868904114, 0.7182863354682922, -0.03211779519915581, 0.47257089614868164, 0.6784130334854126, -0.038809750229120255, 0.46738606691360474, 0.6560609936714172, -0.03951921686530113, 0.4648282527923584, 0.6371791362762451, -0.038955654948949814], "right_hand": [0.0, 0.0, 0.0, 0.0, 0.0, 0.0, 0.0, 0.0, 0.0, 0.0, 0.0, 0.0, 0.0, 0.0, 0.0, 0.0, 0.0, 0.0, 0.0, 0.0, 0.0, 0.0, 0.0, 0.0, 0.0, 0.0, 0.0, 0.0, 0.0, 0.0, 0.0, 0.0, 0.0, 0.0, 0.0, 0.0, 0.0, 0.0, 0.0, 0.0, 0.0, 0.0, 0.0, 0.0, 0.0, 0.0, 0.0, 0.0, 0.0, 0.0, 0.0, 0.0, 0.0, 0.0, 0.0, 0.0, 0.0, 0.0, 0.0, 0.0, 0.0, 0.0, 0.0]}