{"body_pose": [0.47190186381340027, 0.5570917129516602, -0.37602296471595764, 0.48671379685401917, 0.5265313982963562, -0.31891965866088867, 0.4964911639690399, 0.5272203087806702, -0.31868115067481995, 0.5059005618095398, 0.5283883213996887, -0.3182190954685211, 0.45730119943618774, 0.5276705026626587, -0.34486767649650574, 0.4466175436973572, 0.5287385582923889, -0.34517791867256165, 0.4366101324558258, 0.5299901366233826, -0.34547004103660583, 0.5103626847267151, 0.5484088063240051, -0.04266781732439995, 0.4212019443511963, 0.5476208925247192, -0.14539282023906708, 0.4903806746006012, 0.5905076861381531, -0.2730996906757355, 0.4507453739643097, 0.5866060256958008, -0.3059411644935608, 0.5664241313934326, 0.7416324019432068, 0.08919740468263626, 0.3331269919872284, 0.7526772618293762, -0.10261591523885727, 0.5955075025558472, 0.9392518997192383, -0.03941851481795311, 0.2693316638469696, 0.9974514245986938, -0.4037637412548065, 0.5265148878097534, 0.774906575679779, -0.328081339597702, 0.36974287033081055, 0.8887539505958557, -0.7065776586532593, 0.515854001045227, 0.7289039492607117, -0.39076048135757446, 0.40100333094596863, 0.8747174739837646, -0.799361526966095, 0.5233303904533386, 0.706240177154541, -0.3813101351261139, 0.40585240721702576, 0.8321585059165955, -0.7550299763679504, 0.5166364312171936, 0.7108774185180664, -0.34333115816116333, 0.4011171758174896, 0.8424481749534607, -0.7115789651870728, 0.561137318611145, 1.2328944206237793, 0.04288043454289436, 0.3755664825439453, 1.2422709465026855, -0.03725854679942131, 0.5641528964042664, 1.6443907022476196, -0.04503551125526428, 0.3953796327114105, 1.652126431465149, -0.09311404079198837, 0.5621655583381653, 2.02059268951416, 0.3387812077999115, 0.40221261978149414, 2.015115976333618, 0.12731698155403137, 0.5626673102378845, 2.073227882385254, 0.38603371381759644, 0.39689913392066956, 2.0619213581085205, 0.14785730838775635, 0.5518917441368103, 2.123490333557129, 0.08095545321702957, 0.4395277500152588, 2.1284687519073486, -0.10074688494205475], "left_hand": [0.530914306640625, 0.790358304977417, 9.12366147076682e-08, 0.5511950850486755, 0.7600210309028625, 0.0030957499984651804, 0.5592120885848999, 0.7266619801521301, 0.0005261737387627363, 0.5631107687950134, 0.6967986226081848, -0.002479861956089735, 0.5663577318191528, 0.6755682826042175, -0.006614466197788715, 0.542654812335968, 0.6949858665466309, -0.013834729790687561, 0.5259408354759216, 0.6454818844795227, -0.022426359355449677, 0.5148800015449524, 0.6182018518447876, -0.026171984151005745, 0.5053534507751465, 0.5982357859611511, -0.027695346623659134, 0.5253658890724182, 0.7020770907402039, -0.019871994853019714, 0.5062695145606995, 0.6446296572685242, -0.029781507328152657, 0.49436843395233154, 0.6128355860710144, -0.03343376889824867, 0.4849923551082611, 0.5895224213600159, -0.03467216342687607, 0.5073245763778687, 0.7124281525611877, -0.024633238092064857, 0.4909822344779968, 0.6588127017021179, -0.03219563513994217, 0.48077428340911865, 0.6277686357498169, -0.03413354232907295, 0.4730871021747589, 0.6044553518295288, -0.03428596258163452, 0.489287406206131, 0.7268907427787781, -0.02851198799908161, 0.4767332971096039, 0.6830404996871948, -0.03398911654949188, 0.47067952156066895, 0.6594274640083313, -0.03370439261198044, 0.46611130237579346, 0.6399893164634705, -0.0321105420589447], "right_hand": [0.0, 0.0, 0.0, 0.0, 0.0, 0.0, 0.0, 0.0, 0.0, 0.0, 0.0, 0.0, 0.0, 0.0, 0.0, 0.0, 0.0, 0.0, 0.0, 0.0, 0.0, 0.0, 0.0, 0.0, 0.0, 0.0, 0.0, 0.0, 0.0, 0.0, 0.0, 0.0, 0.0, 0.0, 0.0, 0.0, 0.0, 0.0, 0.0, 0.0, 0.0, 0.0, 0.0, 0.0, 0.0, 0.0, 0.0, 0.0, 0.0, 0.0, 0.0, 0.0, 0.0, 0.0, 0.0, 0.0, 0.0, 0.0, 0.0, 0.0, 0.0, 0.0, 0.0]}