{"body_pose": [0.4714140295982361, 0.5563416481018066, -0.4142346978187561, 0.4864382743835449, 0.5257448554039001, -0.3618897497653961, 0.49628397822380066, 0.5262733101844788, -0.36167484521865845, 0.505739152431488, 0.5272907018661499, -0.3612585961818695, 0.4568290412425995, 0.5270071029663086, -0.38230016827583313, 0.44618988037109375, 0.5280094146728516, -0.3826070725917816, 0.43628373742103577, 0.5291590094566345, -0.38287094235420227, 0.5106192231178284, 0.5464859008789062, -0.09106974303722382, 0.4215407371520996, 0.5457744002342224, -0.17662599682807922, 0.49019119143486023, 0.589328408241272, -0.3136731684207916, 0.45064279437065125, 0.5859454274177551, -0.33987078070640564, 0.5637895464897156, 0.7399081587791443, 0.04225531220436096, 0.3379490375518799, 0.751323938369751, -0.1277213990688324, 0.5901718139648438, 0.9393986463546753, -0.06722217798233032, 0.2690528333187103, 0.9897046685218811, -0.4045836627483368, 0.5396566987037659, 0.8399099707603455, -0.3165503144264221, 0.3657507598400116, 0.9200560450553894, -0.7417455911636353, 0.5339985489845276, 0.8157270550727844, -0.3763306438922882, 0.3911595344543457, 0.9166637063026428, -0.8431204557418823, 0.5409955978393555, 0.7967647910118103, -0.38509252667427063, 0.40129831433296204, 0.875669538974762, -0.7994154691696167, 0.5334955453872681, 0.8103310465812683, -0.33773157000541687, 0.397827684879303, 0.8815869092941284, -0.7426912188529968, 0.5587431788444519, 1.234969973564148, 0.04295999929308891, 0.3754662871360779, 1.24354088306427, -0.03700726106762886, 0.5576292276382446, 1.643671989440918, -0.046058304607868195, 0.39424633979797363, 1.651218295097351, -0.08979953080415726, 0.5588745474815369, 2.024747848510742, 0.3378679156303406, 0.401318222284317, 2.016131639480591, 0.13994069397449493, 0.5602107048034668, 2.0791523456573486, 0.38141074776649475, 0.3972383141517639, 2.064462423324585, 0.1608692854642868, 0.5476313233375549, 2.1270315647125244, 0.14561644196510315, 0.4351939260959625, 2.127145767211914, -0.09620226919651031], "left_hand": [0.5308220982551575, 0.8117247819900513, 3.0584902788177715e-07, 0.5453402996063232, 0.7762674689292908, -0.004913281183689833, 0.5521517992019653, 0.7380802035331726, -0.010538604110479355, 0.5544255971908569, 0.7044466137886047, -0.015200503170490265, 0.5576874613761902, 0.6794408559799194, -0.020269600674510002, 0.5419119000434875, 0.7380892634391785, -0.017289165407419205, 0.5409731268882751, 0.7013447284698486, -0.027326583862304688, 0.5378789901733398, 0.6728814840316772, -0.0334099717438221, 0.5354968309402466, 0.6516586542129517, -0.03658207878470421, 0.5240028500556946, 0.7410523891448975, -0.017591329291462898, 0.5224429965019226, 0.7053572535514832, -0.026298344135284424, 0.5170143246650696, 0.6753836274147034, -0.03098466992378235, 0.5135480165481567, 0.6527664065361023, -0.03407469391822815, 0.5058700442314148, 0.7453527450561523, -0.01762569323182106, 0.502111554145813, 0.7127895951271057, -0.023596998304128647, 0.4967000484466553, 0.6855413317680359, -0.02606438286602497, 0.4945404827594757, 0.6646114587783813, -0.027657315135002136, 0.48862507939338684, 0.7519335746765137, -0.01775684393942356, 0.48320597410202026, 0.7225381135940552, -0.022085685282945633, 0.47948846220970154, 0.7011499404907227, -0.02319513075053692, 0.4777713418006897, 0.683505117893219, -0.023396233096718788], "right_hand": [0.0, 0.0, 0.0, 0.0, 0.0, 0.0, 0.0, 0.0, 0.0, 0.0, 0.0, 0.0, 0.0, 0.0, 0.0, 0.0, 0.0, 0.0, 0.0, 0.0, 0.0, 0.0, 0.0, 0.0, 0.0, 0.0, 0.0, 0.0, 0.0, 0.0, 0.0, 0.0, 0.0, 0.0, 0.0, 0.0, 0.0, 0.0, 0.0, 0.0, 0.0, 0.0, 0.0, 0.0, 0.0, 0.0, 0.0, 0.0, 0.0, 0.0, 0.0, 0.0, 0.0, 0.0, 0.0, 0.0, 0.0, 0.0, 0.0, 0.0, 0.0, 0.0, 0.0]}