{"body_pose": [0.47126641869544983, 0.5550622940063477, -0.44658342003822327, 0.4864310324192047, 0.5242782235145569, -0.3896732032299042, 0.4962751269340515, 0.5246553421020508, -0.3891836106777191, 0.5057017207145691, 0.5255050659179688, -0.3884669244289398, 0.45674678683280945, 0.525788426399231, -0.4070480465888977, 0.44617050886154175, 0.5268329977989197, -0.4073408544063568, 0.4363384246826172, 0.527992844581604, -0.40742889046669006, 0.510593831539154, 0.5441807508468628, -0.12235664576292038, 0.42214441299438477, 0.5444135069847107, -0.23085179924964905, 0.49019598960876465, 0.5876792669296265, -0.343163400888443, 0.45107823610305786, 0.5849353671073914, -0.36676025390625, 0.5589490532875061, 0.7313675880432129, 0.03566956892609596, 0.3399028778076172, 0.7506787776947021, -0.18281839787960052, 0.5880614519119263, 0.9435103535652161, 0.0021058630663901567, 0.2665025293827057, 0.9946568608283997, -0.4677262008190155, 0.5673443078994751, 0.9094151258468628, -0.1863233745098114, 0.3663322925567627, 0.942345917224884, -0.8201946020126343, 0.5700469613075256, 0.9038645625114441, -0.23489587008953094, 0.391571968793869, 0.9443857669830322, -0.9276602864265442, 0.5740460753440857, 0.8876665830612183, -0.2668667137622833, 0.4028734862804413, 0.9019396305084229, -0.8946273922920227, 0.5638436675071716, 0.8961331844329834, -0.21408097445964813, 0.3993530571460724, 0.9061732888221741, -0.8241502642631531, 0.5555868744850159, 1.2296322584152222, 0.044190727174282074, 0.3754335045814514, 1.2391849756240845, -0.03794766217470169, 0.550094485282898, 1.6414552927017212, -0.021036680787801743, 0.393564373254776, 1.6449307203292847, -0.0851951465010643, 0.5549783110618591, 2.031588554382324, 0.3387741148471832, 0.4029066562652588, 2.010488271713257, 0.144173726439476, 0.5573654770851135, 2.0877389907836914, 0.3773365318775177, 0.40016546845436096, 2.0574746131896973, 0.1648261547088623, 0.5437670946121216, 2.137169122695923, 0.14602313935756683, 0.43390747904777527, 2.126680850982666, -0.09188149869441986], "left_hand": [0.0, 0.0, 0.0, 0.0, 0.0, 0.0, 0.0, 0.0, 0.0, 0.0, 0.0, 0.0, 0.0, 0.0, 0.0, 0.0, 0.0, 0.0, 0.0, 0.0, 0.0, 0.0, 0.0, 0.0, 0.0, 0.0, 0.0, 0.0, 0.0, 0.0, 0.0, 0.0, 0.0, 0.0, 0.0, 0.0, 0.0, 0.0, 0.0, 0.0, 0.0, 0.0, 0.0, 0.0, 0.0, 0.0, 0.0, 0.0, 0.0, 0.0, 0.0, 0.0, 0.0, 0.0, 0.0, 0.0, 0.0, 0.0, 0.0, 0.0, 0.0, 0.0, 0.0], "right_hand": [0.0, 0.0, 0.0, 0.0, 0.0, 0.0, 0.0, 0.0, 0.0, 0.0, 0.0, 0.0, 0.0, 0.0, 0.0, 0.0, 0.0, 0.0, 0.0, 0.0, 0.0, 0.0, 0.0, 0.0, 0.0, 0.0, 0.0, 0.0, 0.0, 0.0, 0.0, 0.0, 0.0, 0.0, 0.0, 0.0, 0.0, 0.0, 0.0, 0.0, 0.0, 0.0, 0.0, 0.0, 0.0, 0.0, 0.0, 0.0, 0.0, 0.0, 0.0, 0.0, 0.0, 0.0, 0.0, 0.0, 0.0, 0.0, 0.0, 0.0, 0.0, 0.0, 0.0]}