{"body_pose": [0.4709629416465759, 0.555014431476593, -0.39978495240211487, 0.48624151945114136, 0.5242756009101868, -0.35089877247810364, 0.49611160159111023, 0.5246642827987671, -0.35067182779312134, 0.505548894405365, 0.5255151391029358, -0.350114643573761, 0.4563582241535187, 0.5257164239883423, -0.36087390780448914, 0.44572344422340393, 0.5267318487167358, -0.3611311614513397, 0.43595609068870544, 0.5278548002243042, -0.36142364144325256, 0.5105538368225098, 0.5442653298377991, -0.10506931692361832, 0.42285633087158203, 0.544380247592926, -0.14916862547397614, 0.48997029662132263, 0.5877648591995239, -0.30865350365638733, 0.4508858025074005, 0.5851019024848938, -0.32153791189193726, 0.5616849660873413, 0.7339881062507629, 0.028668448328971863, 0.3397219777107239, 0.7525659203529358, -0.07773370295763016, 0.5935987830162048, 0.9489442706108093, -0.07972653955221176, 0.2633036971092224, 0.9950395226478577, -0.31886497139930725, 0.5323085188865662, 0.8470978736877441, -0.3298538029193878, 0.35831746459007263, 0.9545824527740479, -0.6956039071083069, 0.5178232789039612, 0.8163093328475952, -0.4035937488079071, 0.3786049783229828, 0.9576054215431213, -0.7917474508285522, 0.5167315006256104, 0.7862600684165955, -0.4475606381893158, 0.39156320691108704, 0.9137354493141174, -0.7471067309379578, 0.5043497681617737, 0.8030198216438293, -0.3838624060153961, 0.3907288908958435, 0.9173285365104675, -0.6950372457504272, 0.5558238625526428, 1.228129267692566, 0.02909276820719242, 0.37514522671699524, 1.2344144582748413, -0.02281765267252922, 0.5506969690322876, 1.6392167806625366, -0.059951115399599075, 0.3930288255214691, 1.6380070447921753, -0.05527458339929581, 0.5535862445831299, 2.0181705951690674, 0.3157332241535187, 0.40224915742874146, 1.9957743883132935, 0.15129682421684265, 0.5558549761772156, 2.0708138942718506, 0.35761401057243347, 0.3990921676158905, 2.041311025619507, 0.17153263092041016, 0.5403595566749573, 2.122419595718384, 0.13386672735214233, 0.4273631274700165, 2.1090195178985596, -0.06310980021953583], "left_hand": [0.531364917755127, 0.7922089099884033, 2.0637934028400196e-07, 0.5515409708023071, 0.7584786415100098, 0.004420430865138769, 0.5589277148246765, 0.7253233790397644, 0.0019396335119381547, 0.5612370371818542, 0.6956369876861572, -0.0014094009529799223, 0.5679529905319214, 0.6753416061401367, -0.005881806835532188, 0.5445414781570435, 0.6953016519546509, -0.011440461501479149, 0.5262460708618164, 0.6462087631225586, -0.018814045935869217, 0.513959527015686, 0.6190305948257446, -0.02094896323978901, 0.5045415759086609, 0.5987812876701355, -0.021346507593989372, 0.5266385674476624, 0.7009391784667969, -0.01778808794915676, 0.5051881074905396, 0.6452797651290894, -0.027034085243940353, 0.4920014441013336, 0.6135200262069702, -0.02966180257499218, 0.4818769097328186, 0.5885554552078247, -0.030001157894730568, 0.5077083706855774, 0.7097029685974121, -0.022846683859825134, 0.4901452958583832, 0.6570994257926941, -0.02994924783706665, 0.47922903299331665, 0.625650942325592, -0.032076891511678696, 0.4712000787258148, 0.600848376750946, -0.032311152666807175, 0.4893663227558136, 0.7228218913078308, -0.026937704533338547, 0.47606587409973145, 0.6783979535102844, -0.03136811777949333, 0.4695214033126831, 0.6538463830947876, -0.030807940289378166, 0.4641416668891907, 0.6330308318138123, -0.029200918972492218], "right_hand": [0.0, 0.0, 0.0, 0.0, 0.0, 0.0, 0.0, 0.0, 0.0, 0.0, 0.0, 0.0, 0.0, 0.0, 0.0, 0.0, 0.0, 0.0, 0.0, 0.0, 0.0, 0.0, 0.0, 0.0, 0.0, 0.0, 0.0, 0.0, 0.0, 0.0, 0.0, 0.0, 0.0, 0.0, 0.0, 0.0, 0.0, 0.0, 0.0, 0.0, 0.0, 0.0, 0.0, 0.0, 0.0, 0.0, 0.0, 0.0, 0.0, 0.0, 0.0, 0.0, 0.0, 0.0, 0.0, 0.0, 0.0, 0.0, 0.0, 0.0, 0.0, 0.0, 0.0]}