{"body_pose": [0.47184357047080994, 0.5560370683670044, -0.40119147300720215, 0.48700448870658875, 0.5260305404663086, -0.35425472259521484, 0.4967774450778961, 0.526402473449707, -0.354046493768692, 0.5061202645301819, 0.5272354483604431, -0.3534994125366211, 0.45717814564704895, 0.5271689295768738, -0.3641512989997864, 0.4465467035770416, 0.5280228853225708, -0.36443692445755005, 0.43671441078186035, 0.529017448425293, -0.3647846579551697, 0.5105192065238953, 0.545207679271698, -0.10868117958307266, 0.4229443371295929, 0.5449305772781372, -0.14684046804904938, 0.49034979939460754, 0.5880469083786011, -0.30901098251342773, 0.45153138041496277, 0.5857853293418884, -0.32110562920570374, 0.5637081265449524, 0.7346462607383728, 0.020534543320536613, 0.33885622024536133, 0.7538655400276184, -0.06899864971637726, 0.5981888771057129, 0.9593048095703125, -0.19544918835163116, 0.262893944978714, 0.9947444200515747, -0.30728816986083984, 0.5175598859786987, 0.836615264415741, -0.5584740042686462, 0.35485073924064636, 0.9667313694953918, -0.6763221621513367, 0.4965934753417969, 0.78290855884552, -0.6480969786643982, 0.3785041272640228, 0.9725310206413269, -0.7707228064537048, 0.5006586313247681, 0.7562448382377625, -0.6199741363525391, 0.38924628496170044, 0.9281951189041138, -0.7317100763320923, 0.4996792674064636, 0.776519238948822, -0.5682252645492554, 0.3870534598827362, 0.9307883381843567, -0.6769471764564514, 0.555682361125946, 1.2313566207885742, 0.02047399803996086, 0.37505364418029785, 1.2372691631317139, -0.014517523348331451, 0.5470330119132996, 1.6402143239974976, -0.06465058028697968, 0.389688104391098, 1.6388853788375854, -0.043286796659231186, 0.5475174188613892, 2.021501064300537, 0.3000941276550293, 0.39697974920272827, 2.004905939102173, 0.15084776282310486, 0.5508953928947449, 2.0737760066986084, 0.33993569016456604, 0.3953056037425995, 2.0512380599975586, 0.1701679676771164, 0.5272254347801208, 2.1275038719177246, 0.10779597610235214, 0.4136975109577179, 2.120429277420044, -0.06390523910522461], "left_hand": [0.532588541507721, 0.7901252508163452, 9.64672537406841e-08, 0.5524053573608398, 0.7567673325538635, 0.0037367662880569696, 0.5600630640983582, 0.721050500869751, 0.0009785942966118455, 0.5655533671379089, 0.6895356178283691, -0.0024793329648673534, 0.5719464421272278, 0.6684382557868958, -0.007417600601911545, 0.546661376953125, 0.6922515630722046, -0.014573871158063412, 0.5285018682479858, 0.6414636969566345, -0.022995203733444214, 0.517026960849762, 0.6136820316314697, -0.026792164891958237, 0.507031261920929, 0.593455970287323, -0.028453197330236435, 0.5284583568572998, 0.6995022296905518, -0.020970240235328674, 0.5083022713661194, 0.6419078707695007, -0.02959090657532215, 0.495758056640625, 0.6098706722259521, -0.03257310017943382, 0.48633575439453125, 0.5877364873886108, -0.03392570838332176, 0.5098349452018738, 0.7098780274391174, -0.02603430487215519, 0.49367278814315796, 0.6544816493988037, -0.0323309563100338, 0.4832537770271301, 0.6237854957580566, -0.033826205879449844, 0.4757210612297058, 0.6025452017784119, -0.03428332880139351, 0.49121665954589844, 0.7237550020217896, -0.030233362689614296, 0.47969335317611694, 0.6777338981628418, -0.035321544855833054, 0.47387683391571045, 0.6533190608024597, -0.03509807586669922, 0.4692131280899048, 0.6338603496551514, -0.03382961452007294], "right_hand": [0.0, 0.0, 0.0, 0.0, 0.0, 0.0, 0.0, 0.0, 0.0, 0.0, 0.0, 0.0, 0.0, 0.0, 0.0, 0.0, 0.0, 0.0, 0.0, 0.0, 0.0, 0.0, 0.0, 0.0, 0.0, 0.0, 0.0, 0.0, 0.0, 0.0, 0.0, 0.0, 0.0, 0.0, 0.0, 0.0, 0.0, 0.0, 0.0, 0.0, 0.0, 0.0, 0.0, 0.0, 0.0, 0.0, 0.0, 0.0, 0.0, 0.0, 0.0, 0.0, 0.0, 0.0, 0.0, 0.0, 0.0, 0.0, 0.0, 0.0, 0.0, 0.0, 0.0]}