{"body_pose": [0.4726095497608185, 0.5560861229896545, -0.41246333718299866, 0.4872652590274811, 0.5265126824378967, -0.36573782563209534, 0.4969201683998108, 0.526677131652832, -0.3654758036136627, 0.5061714053153992, 0.5273658037185669, -0.36491507291793823, 0.45754149556159973, 0.5283642411231995, -0.37753361463546753, 0.44685009121894836, 0.5294369459152222, -0.3778199255466461, 0.43694689869880676, 0.5305551290512085, -0.3781310021877289, 0.5104970932006836, 0.5452616214752197, -0.11526598781347275, 0.42343464493751526, 0.5458253026008606, -0.1645575910806656, 0.49142885208129883, 0.5880670547485352, -0.32049378752708435, 0.45228514075279236, 0.5861481428146362, -0.3349097669124603, 0.5648862719535828, 0.7358691096305847, 0.009581408463418484, 0.3408840596675873, 0.7528555989265442, -0.09795534610748291, 0.6028918623924255, 0.9527444839477539, -0.17745192348957062, 0.26521798968315125, 0.9913097620010376, -0.32424020767211914, 0.52025306224823, 0.8447893857955933, -0.47852984070777893, 0.357315331697464, 0.930755615234375, -0.7038502097129822, 0.5033059120178223, 0.8105972409248352, -0.5510475635528564, 0.38030189275741577, 0.9263972640037537, -0.8020021319389343, 0.5062533020973206, 0.7844294905662537, -0.5356513857841492, 0.3889249265193939, 0.8807459473609924, -0.7546725273132324, 0.5019793510437012, 0.8019670844078064, -0.4897303283214569, 0.38749054074287415, 0.887712836265564, -0.7017685770988464, 0.5571305751800537, 1.2201839685440063, 0.024856237694621086, 0.3772564232349396, 1.2233058214187622, -0.018734361976385117, 0.5477226972579956, 1.6243088245391846, -0.06733758747577667, 0.3903644382953644, 1.6263741254806519, -0.044323138892650604, 0.5475955605506897, 1.994086503982544, 0.3055063784122467, 0.3966033458709717, 1.9899142980575562, 0.11990224570035934, 0.5501880049705505, 2.044630527496338, 0.34693247079849243, 0.39466360211372375, 2.036933660507202, 0.1362752914428711, 0.5294561982154846, 2.0967535972595215, 0.12850497663021088, 0.413296639919281, 2.1012635231018066, -0.0965619832277298], "left_hand": [0.5387553572654724, 0.805482029914856, 2.3914412849990185e-07, 0.5585708618164062, 0.763451337814331, 0.004241802264004946, 0.5657849907875061, 0.7219641804695129, 0.001251316862180829, 0.56827712059021, 0.6863677501678467, -0.002741841832175851, 0.5784047245979309, 0.6610913276672363, -0.00815423671156168, 0.552288293838501, 0.6944575905799866, -0.011712098494172096, 0.5341159701347351, 0.6405637860298157, -0.019654370844364166, 0.522571325302124, 0.6098392009735107, -0.023198582231998444, 0.5131006836891174, 0.5862710475921631, -0.024891415610909462, 0.5339614152908325, 0.7009096145629883, -0.018180551007390022, 0.5151929259300232, 0.6402594447135925, -0.02607671543955803, 0.5022653341293335, 0.6057795882225037, -0.02946597896516323, 0.49167296290397644, 0.5782902240753174, -0.03149452432990074, 0.5136895775794983, 0.7106320858001709, -0.023388558998703957, 0.498832643032074, 0.6525899171829224, -0.028965767472982407, 0.48729878664016724, 0.6189844012260437, -0.03176240622997284, 0.478716105222702, 0.5921306610107422, -0.033678703010082245, 0.49326249957084656, 0.7247301340103149, -0.027847303077578545, 0.48292481899261475, 0.6753750443458557, -0.03174751251935959, 0.47766175866127014, 0.6482164263725281, -0.03169732540845871, 0.4730888903141022, 0.6250526905059814, -0.03123103268444538], "right_hand": [0.0, 0.0, 0.0, 0.0, 0.0, 0.0, 0.0, 0.0, 0.0, 0.0, 0.0, 0.0, 0.0, 0.0, 0.0, 0.0, 0.0, 0.0, 0.0, 0.0, 0.0, 0.0, 0.0, 0.0, 0.0, 0.0, 0.0, 0.0, 0.0, 0.0, 0.0, 0.0, 0.0, 0.0, 0.0, 0.0, 0.0, 0.0, 0.0, 0.0, 0.0, 0.0, 0.0, 0.0, 0.0, 0.0, 0.0, 0.0, 0.0, 0.0, 0.0, 0.0, 0.0, 0.0, 0.0, 0.0, 0.0, 0.0, 0.0, 0.0, 0.0, 0.0, 0.0]}